checking_account_status,duration_month,credit_history,purpose,credit_amount,savings_account,employment_since,installment_rate_pct,personal_status_sex,other_debtors,residence_since,property,age,other_installment_plans,housing,existing_credits,job,dependents,telephone,foreign_worker,target,default_risk,risk_label
< 0 DM,6,Critical account / other credits,Radio/television,1169,Unknown / no savings,>= 7 years,4,A93,A101,4,Real estate,67,A143,Own,2,Skilled employee,1,A192,A201,1,0,Good Credit
0-200 DM,48,Existing credits paid back duly,Radio/television,5951,< 100 DM,1-4 years,2,A92,A101,2,Real estate,22,A143,Own,1,Skilled employee,1,A191,A201,2,1,Bad Credit
No checking account,12,Critical account / other credits,Education,2096,< 100 DM,4-7 years,2,A93,A101,3,Real estate,49,A143,Own,1,Unskilled resident,2,A191,A201,1,0,Good Credit
< 0 DM,42,Existing credits paid back duly,Furniture/equipment,7882,< 100 DM,4-7 years,2,A93,A103,4,Savings/life insurance,45,A143,Free,1,Skilled employee,2,A191,A201,1,0,Good Credit
< 0 DM,24,Delay in past payments,New car,4870,< 100 DM,1-4 years,3,A93,A101,4,Unknown / no property,53,A143,Free,2,Skilled employee,2,A191,A201,2,1,Bad Credit
No checking account,36,Existing credits paid back duly,Education,9055,Unknown / no savings,1-4 years,2,A93,A101,4,Unknown / no property,35,A143,Free,1,Unskilled resident,2,A192,A201,1,0,Good Credit
No checking account,24,Existing credits paid back duly,Furniture/equipment,2835,500-1000 DM,>= 7 years,3,A93,A101,4,Savings/life insurance,53,A143,Own,1,Skilled employee,1,A191,A201,1,0,Good Credit
0-200 DM,36,Existing credits paid back duly,Used car,6948,< 100 DM,1-4 years,2,A93,A101,2,Car or other,35,A143,Rent,1,Management / self-employed,1,A192,A201,1,0,Good Credit
No checking account,12,Existing credits paid back duly,Radio/television,3059,>= 1000 DM,4-7 years,2,A91,A101,4,Real estate,61,A143,Own,1,Unskilled resident,1,A191,A201,1,0,Good Credit
0-200 DM,30,Critical account / other credits,New car,5234,< 100 DM,Unemployed,4,A94,A101,2,Car or other,28,A143,Own,2,Management / self-employed,1,A191,A201,2,1,Bad Credit
0-200 DM,12,Existing credits paid back duly,New car,1295,< 100 DM,< 1 year,3,A92,A101,1,Car or other,25,A143,Rent,1,Skilled employee,1,A191,A201,2,1,Bad Credit
< 0 DM,48,Existing credits paid back duly,Business,4308,< 100 DM,< 1 year,3,A92,A101,4,Savings/life insurance,24,A143,Rent,1,Skilled employee,1,A191,A201,2,1,Bad Credit
0-200 DM,12,Existing credits paid back duly,Radio/television,1567,< 100 DM,1-4 years,1,A92,A101,1,Car or other,22,A143,Own,1,Skilled employee,1,A192,A201,1,0,Good Credit
< 0 DM,24,Critical account / other credits,New car,1199,< 100 DM,>= 7 years,4,A93,A101,4,Car or other,60,A143,Own,2,Unskilled resident,1,A191,A201,2,1,Bad Credit
< 0 DM,15,Existing credits paid back duly,New car,1403,< 100 DM,1-4 years,2,A92,A101,4,Car or other,28,A143,Rent,1,Skilled employee,1,A191,A201,1,0,Good Credit
< 0 DM,24,Existing credits paid back duly,Radio/television,1282,100-500 DM,1-4 years,4,A92,A101,2,Car or other,32,A143,Own,1,Unskilled resident,1,A191,A201,2,1,Bad Credit
No checking account,24,Critical account / other credits,Radio/television,2424,Unknown / no savings,>= 7 years,4,A93,A101,4,Savings/life insurance,53,A143,Own,2,Skilled employee,1,A191,A201,1,0,Good Credit
< 0 DM,30,No credits / paid back duly,Business,8072,Unknown / no savings,< 1 year,2,A93,A101,3,Car or other,25,A141,Own,3,Skilled employee,1,A191,A201,1,0,Good Credit
0-200 DM,24,Existing credits paid back duly,Used car,12579,< 100 DM,>= 7 years,4,A92,A101,2,Unknown / no property,44,A143,Free,1,Management / self-employed,1,A192,A201,2,1,Bad Credit
No checking account,24,Existing credits paid back duly,Radio/television,3430,500-1000 DM,>= 7 years,3,A93,A101,2,Car or other,31,A143,Own,1,Skilled employee,2,A192,A201,1,0,Good Credit
No checking account,9,Critical account / other credits,New car,2134,< 100 DM,1-4 years,4,A93,A101,4,Car or other,48,A143,Own,3,Skilled employee,1,A192,A201,1,0,Good Credit
< 0 DM,6,Existing credits paid back duly,Radio/television,2647,500-1000 DM,1-4 years,2,A93,A101,3,Real estate,44,A143,Rent,1,Skilled employee,2,A191,A201,1,0,Good Credit
< 0 DM,10,Critical account / other credits,New car,2241,< 100 DM,< 1 year,1,A93,A101,3,Real estate,48,A143,Rent,2,Unskilled resident,2,A191,A202,1,0,Good Credit
0-200 DM,12,Critical account / other credits,Used car,1804,100-500 DM,< 1 year,3,A93,A101,4,Savings/life insurance,44,A143,Own,1,Skilled employee,1,A191,A201,1,0,Good Credit
No checking account,10,Critical account / other credits,Furniture/equipment,2069,Unknown / no savings,1-4 years,2,A94,A101,1,Car or other,26,A143,Own,2,Skilled employee,1,A191,A202,1,0,Good Credit
< 0 DM,6,Existing credits paid back duly,Furniture/equipment,1374,< 100 DM,1-4 years,1,A93,A101,2,Real estate,36,A141,Own,1,Unskilled resident,1,A192,A201,1,0,Good Credit
No checking account,6,No credits / paid back duly,Radio/television,426,< 100 DM,>= 7 years,4,A94,A101,4,Car or other,39,A143,Own,1,Unskilled resident,1,A191,A201,1,0,Good Credit
>= 200 DM,12,All credits at this bank paid back,Radio/television,409,>= 1000 DM,1-4 years,3,A92,A101,3,Real estate,42,A143,Rent,2,Skilled employee,1,A191,A201,1,0,Good Credit
0-200 DM,7,Existing credits paid back duly,Radio/television,2415,< 100 DM,1-4 years,3,A93,A103,2,Real estate,34,A143,Own,1,Skilled employee,1,A191,A201,1,0,Good Credit
< 0 DM,60,Delay in past payments,Business,6836,< 100 DM,>= 7 years,3,A93,A101,4,Unknown / no property,63,A143,Own,2,Skilled employee,1,A192,A201,2,1,Bad Credit
0-200 DM,18,Existing credits paid back duly,Business,1913,>= 1000 DM,< 1 year,3,A94,A101,3,Real estate,36,A141,Own,1,Skilled employee,1,A192,A201,1,0,Good Credit
< 0 DM,24,Existing credits paid back duly,Furniture/equipment,4020,< 100 DM,1-4 years,2,A93,A101,2,Car or other,27,A142,Own,1,Skilled employee,1,A191,A201,1,0,Good Credit
0-200 DM,18,Existing credits paid back duly,New car,5866,100-500 DM,1-4 years,2,A93,A101,2,Car or other,30,A143,Own,2,Skilled employee,1,A192,A201,1,0,Good Credit
No checking account,12,Critical account / other credits,Business,1264,Unknown / no savings,>= 7 years,4,A93,A101,4,Unknown / no property,57,A143,Rent,1,Unskilled resident,1,A191,A201,1,0,Good Credit
>= 200 DM,12,Existing credits paid back duly,Furniture/equipment,1474,< 100 DM,< 1 year,4,A92,A101,1,Savings/life insurance,33,A141,Own,1,Management / self-employed,1,A192,A201,1,0,Good Credit
0-200 DM,45,Critical account / other credits,Radio/television,4746,< 100 DM,< 1 year,4,A93,A101,2,Savings/life insurance,25,A143,Own,2,Unskilled resident,1,A191,A201,2,1,Bad Credit
No checking account,48,Critical account / other credits,Education,6110,< 100 DM,1-4 years,1,A93,A101,3,Unknown / no property,31,A141,Free,1,Skilled employee,1,A192,A201,1,0,Good Credit
>= 200 DM,18,Existing credits paid back duly,Radio/television,2100,< 100 DM,1-4 years,4,A93,A102,2,Real estate,37,A142,Own,1,Skilled employee,1,A191,A201,2,1,Bad Credit
>= 200 DM,10,Existing credits paid back duly,Domestic appliances,1225,< 100 DM,1-4 years,2,A93,A101,2,Car or other,37,A143,Own,1,Skilled employee,1,A192,A201,1,0,Good Credit
0-200 DM,9,Existing credits paid back duly,Radio/television,458,< 100 DM,1-4 years,4,A93,A101,3,Real estate,24,A143,Own,1,Skilled employee,1,A191,A201,1,0,Good Credit
No checking account,30,Existing credits paid back duly,Radio/television,2333,500-1000 DM,>= 7 years,4,A93,A101,2,Car or other,30,A141,Own,1,Management / self-employed,1,A191,A201,1,0,Good Credit
0-200 DM,12,Existing credits paid back duly,Radio/television,1158,500-1000 DM,1-4 years,3,A91,A101,1,Car or other,26,A143,Own,1,Skilled employee,1,A192,A201,1,0,Good Credit
0-200 DM,18,Delay in past payments,Repairs,6204,< 100 DM,1-4 years,2,A93,A101,4,Real estate,44,A143,Own,1,Unskilled resident,2,A192,A201,1,0,Good Credit
< 0 DM,30,Critical account / other credits,Used car,6187,100-500 DM,4-7 years,1,A94,A101,4,Car or other,24,A143,Rent,2,Skilled employee,1,A191,A201,1,0,Good Credit
< 0 DM,48,Critical account / other credits,Used car,6143,< 100 DM,>= 7 years,4,A92,A101,4,Unknown / no property,58,A142,Free,2,Unskilled resident,1,A191,A201,2,1,Bad Credit
No checking account,11,Critical account / other credits,New car,1393,< 100 DM,< 1 year,4,A92,A101,4,Car or other,35,A143,Own,2,Management / self-employed,1,A191,A201,1,0,Good Credit
No checking account,36,Existing credits paid back duly,Radio/television,2299,500-1000 DM,>= 7 years,4,A93,A101,4,Car or other,39,A143,Own,1,Skilled employee,1,A191,A201,1,0,Good Credit
< 0 DM,6,Existing credits paid back duly,Used car,1352,500-1000 DM,Unemployed,1,A92,A101,2,Savings/life insurance,23,A143,Rent,1,Unemployed / unskilled non-resident,1,A192,A201,1,0,Good Credit
No checking account,11,Critical account / other credits,New car,7228,< 100 DM,1-4 years,1,A93,A101,4,Savings/life insurance,39,A143,Own,2,Unskilled resident,1,A191,A201,1,0,Good Credit
No checking account,12,Existing credits paid back duly,Radio/television,2073,100-500 DM,1-4 years,4,A92,A102,2,Real estate,28,A143,Own,1,Skilled employee,1,A191,A201,1,0,Good Credit
0-200 DM,24,Delay in past payments,Furniture/equipment,2333,Unknown / no savings,< 1 year,4,A93,A101,2,Savings/life insurance,29,A141,Own,1,Unskilled resident,1,A191,A201,1,0,Good Credit
0-200 DM,27,Delay in past payments,Used car,5965,< 100 DM,>= 7 years,1,A93,A101,2,Car or other,30,A143,Own,2,Management / self-employed,1,A192,A201,1,0,Good Credit
No checking account,12,Existing credits paid back duly,Radio/television,1262,< 100 DM,1-4 years,3,A93,A101,2,Car or other,25,A143,Own,1,Skilled employee,1,A191,A201,1,0,Good Credit
No checking account,18,Existing credits paid back duly,Used car,3378,Unknown / no savings,1-4 years,2,A93,A101,1,Savings/life insurance,31,A143,Own,1,Skilled employee,1,A192,A201,1,0,Good Credit
0-200 DM,36,Delay in past payments,New car,2225,< 100 DM,>= 7 years,4,A93,A101,4,Unknown / no property,57,A141,Free,2,Skilled employee,1,A192,A201,2,1,Bad Credit
No checking account,6,All credits at this bank paid back,New car,783,Unknown / no savings,1-4 years,1,A93,A103,2,Real estate,26,A142,Own,1,Unskilled resident,2,A191,A201,1,0,Good Credit
0-200 DM,12,Existing credits paid back duly,Radio/television,6468,Unknown / no savings,Unemployed,2,A93,A101,1,Unknown / no property,52,A143,Own,1,Management / self-employed,1,A192,A201,2,1,Bad Credit
No checking account,36,Critical account / other credits,Radio/television,9566,< 100 DM,1-4 years,2,A92,A101,2,Car or other,31,A142,Own,2,Skilled employee,1,A191,A201,1,0,Good Credit
>= 200 DM,18,Existing credits paid back duly,New car,1961,< 100 DM,>= 7 years,3,A92,A101,2,Car or other,23,A143,Own,1,Management / self-employed,1,A191,A201,1,0,Good Credit
< 0 DM,36,Critical account / other credits,Furniture/equipment,6229,< 100 DM,< 1 year,4,A92,A102,4,Unknown / no property,23,A143,Rent,2,Unskilled resident,1,A192,A201,2,1,Bad Credit
0-200 DM,9,Existing credits paid back duly,Business,1391,< 100 DM,1-4 years,2,A94,A101,1,Real estate,27,A141,Own,1,Skilled employee,1,A192,A201,1,0,Good Credit
0-200 DM,15,Critical account / other credits,Radio/television,1537,Unknown / no savings,>= 7 years,4,A93,A103,4,Real estate,50,A143,Own,2,Skilled employee,1,A192,A201,1,0,Good Credit
0-200 DM,36,No credits / paid back duly,Business,1953,< 100 DM,>= 7 years,4,A93,A101,4,Unknown / no property,61,A143,Free,1,Management / self-employed,1,A192,A201,2,1,Bad Credit
0-200 DM,48,No credits / paid back duly,Business,14421,< 100 DM,1-4 years,2,A93,A101,2,Car or other,25,A143,Own,1,Skilled employee,1,A192,A201,2,1,Bad Credit
No checking account,24,Existing credits paid back duly,Radio/television,3181,< 100 DM,< 1 year,4,A92,A101,4,Savings/life insurance,26,A143,Own,1,Skilled employee,1,A192,A201,1,0,Good Credit
No checking account,27,Existing credits paid back duly,Repairs,5190,Unknown / no savings,>= 7 years,4,A93,A101,4,Savings/life insurance,48,A143,Own,4,Skilled employee,2,A192,A201,1,0,Good Credit
No checking account,12,Existing credits paid back duly,Radio/television,2171,< 100 DM,< 1 year,2,A92,A101,2,Car or other,29,A141,Own,1,Skilled employee,1,A191,A201,1,0,Good Credit
0-200 DM,12,Existing credits paid back duly,New car,1007,>= 1000 DM,1-4 years,4,A94,A101,1,Real estate,22,A143,Own,1,Skilled employee,1,A191,A201,1,0,Good Credit
No checking account,36,Existing credits paid back duly,Education,1819,< 100 DM,1-4 years,4,A93,A101,4,Unknown / no property,37,A142,Free,1,Skilled employee,1,A192,A201,2,1,Bad Credit
No checking account,36,Existing credits paid back duly,Radio/television,2394,Unknown / no savings,1-4 years,4,A92,A101,4,Car or other,25,A143,Own,1,Skilled employee,1,A191,A201,1,0,Good Credit
No checking account,36,Existing credits paid back duly,Used car,8133,< 100 DM,1-4 years,1,A92,A101,2,Savings/life insurance,30,A141,Own,1,Skilled employee,1,A191,A201,1,0,Good Credit
No checking account,7,Critical account / other credits,Radio/television,730,Unknown / no savings,>= 7 years,4,A93,A101,2,Savings/life insurance,46,A143,Rent,2,Unskilled resident,1,A192,A201,1,0,Good Credit
< 0 DM,8,Critical account / other credits,Other,1164,< 100 DM,>= 7 years,3,A93,A101,4,Unknown / no property,51,A141,Free,2,Management / self-employed,2,A192,A201,1,0,Good Credit
0-200 DM,42,Critical account / other credits,Business,5954,< 100 DM,4-7 years,2,A92,A101,1,Real estate,41,A141,Own,2,Unskilled resident,1,A191,A201,1,0,Good Credit
< 0 DM,36,Existing credits paid back duly,Education,1977,Unknown / no savings,>= 7 years,4,A93,A101,4,Unknown / no property,40,A143,Own,1,Management / self-employed,1,A192,A201,2,1,Bad Credit
< 0 DM,12,Critical account / other credits,Used car,1526,< 100 DM,>= 7 years,4,A93,A101,4,Unknown / no property,66,A143,Free,2,Management / self-employed,1,A191,A201,1,0,Good Credit
< 0 DM,42,Existing credits paid back duly,Radio/television,3965,< 100 DM,< 1 year,4,A93,A101,3,Car or other,34,A143,Own,1,Skilled employee,1,A191,A201,2,1,Bad Credit
0-200 DM,11,Delay in past payments,Radio/television,4771,< 100 DM,4-7 years,2,A93,A101,4,Savings/life insurance,51,A143,Own,1,Skilled employee,1,A191,A201,1,0,Good Credit
No checking account,54,No credits / paid back duly,Used car,9436,Unknown / no savings,1-4 years,2,A93,A101,2,Savings/life insurance,39,A143,Own,1,Unskilled resident,2,A191,A201,1,0,Good Credit
0-200 DM,30,Existing credits paid back duly,Furniture/equipment,3832,< 100 DM,< 1 year,2,A94,A101,1,Savings/life insurance,22,A143,Own,1,Skilled employee,1,A191,A201,1,0,Good Credit
No checking account,24,Existing credits paid back duly,Radio/television,5943,Unknown / no savings,< 1 year,1,A92,A101,1,Car or other,44,A143,Own,2,Skilled employee,1,A192,A201,2,1,Bad Credit
No checking account,15,Existing credits paid back duly,Radio/television,1213,500-1000 DM,>= 7 years,4,A93,A101,3,Savings/life insurance,47,A142,Own,1,Skilled employee,1,A192,A201,1,0,Good Credit
No checking account,18,Existing credits paid back duly,Business,1568,100-500 DM,1-4 years,3,A92,A101,4,Savings/life insurance,24,A143,Rent,1,Unskilled resident,1,A191,A201,1,0,Good Credit
< 0 DM,24,Existing credits paid back duly,Other,1755,< 100 DM,>= 7 years,4,A92,A103,4,Real estate,58,A143,Own,1,Unskilled resident,1,A192,A201,1,0,Good Credit
< 0 DM,10,Existing credits paid back duly,Radio/television,2315,< 100 DM,>= 7 years,3,A93,A101,4,Real estate,52,A143,Own,1,Unskilled resident,1,A191,A201,1,0,Good Credit
No checking account,12,Critical account / other credits,Business,1412,< 100 DM,1-4 years,4,A92,A103,2,Real estate,29,A143,Own,2,Management / self-employed,1,A192,A201,1,0,Good Credit
0-200 DM,18,Critical account / other credits,Furniture/equipment,1295,< 100 DM,< 1 year,4,A92,A101,1,Savings/life insurance,27,A143,Own,2,Skilled employee,1,A191,A201,1,0,Good Credit
0-200 DM,36,Existing credits paid back duly,Education,12612,100-500 DM,1-4 years,1,A93,A101,4,Unknown / no property,47,A143,Free,1,Skilled employee,2,A192,A201,2,1,Bad Credit
< 0 DM,18,Existing credits paid back duly,New car,2249,100-500 DM,4-7 years,4,A93,A101,3,Car or other,30,A143,Own,1,Management / self-employed,2,A192,A201,1,0,Good Credit
< 0 DM,12,No credits / paid back duly,Repairs,1108,< 100 DM,4-7 years,4,A93,A101,3,Real estate,28,A143,Own,2,Skilled employee,1,A191,A201,2,1,Bad Credit
No checking account,12,Critical account / other credits,Radio/television,618,< 100 DM,>= 7 years,4,A93,A101,4,Real estate,56,A143,Own,1,Skilled employee,1,A191,A201,1,0,Good Credit
< 0 DM,12,Critical account / other credits,Used car,1409,< 100 DM,>= 7 years,4,A93,A101,3,Real estate,54,A143,Own,1,Skilled employee,1,A191,A201,1,0,Good Credit
No checking account,12,Critical account / other credits,Radio/television,797,Unknown / no savings,>= 7 years,4,A92,A101,3,Savings/life insurance,33,A141,Own,1,Unskilled resident,2,A191,A201,2,1,Bad Credit
>= 200 DM,24,Critical account / other credits,Furniture/equipment,3617,Unknown / no savings,>= 7 years,4,A93,A102,4,Unknown / no property,20,A143,Rent,2,Skilled employee,1,A191,A201,1,0,Good Credit
0-200 DM,12,Existing credits paid back duly,New car,1318,>= 1000 DM,>= 7 years,4,A93,A101,4,Real estate,54,A143,Own,1,Skilled employee,1,A192,A201,1,0,Good Credit
0-200 DM,54,No credits / paid back duly,Business,15945,< 100 DM,< 1 year,3,A93,A101,4,Unknown / no property,58,A143,Rent,1,Skilled employee,1,A192,A201,2,1,Bad Credit
No checking account,12,Critical account / other credits,Education,2012,Unknown / no savings,4-7 years,4,A92,A101,2,Car or other,61,A143,Own,1,Skilled employee,1,A191,A201,1,0,Good Credit
0-200 DM,18,Existing credits paid back duly,Business,2622,100-500 DM,1-4 years,4,A93,A101,4,Car or other,34,A143,Own,1,Skilled employee,1,A191,A201,1,0,Good Credit
0-200 DM,36,Critical account / other credits,Radio/television,2337,< 100 DM,>= 7 years,4,A93,A101,4,Real estate,36,A143,Own,1,Skilled employee,1,A191,A201,1,0,Good Credit
0-200 DM,20,Delay in past payments,Used car,7057,Unknown / no savings,4-7 years,3,A93,A101,4,Savings/life insurance,36,A141,Rent,2,Management / self-employed,2,A192,A201,1,0,Good Credit
No checking account,24,Existing credits paid back duly,New car,1469,100-500 DM,>= 7 years,4,A94,A101,4,Real estate,41,A143,Rent,1,Unskilled resident,1,A191,A201,1,0,Good Credit
0-200 DM,36,Existing credits paid back duly,Radio/television,2323,< 100 DM,4-7 years,4,A93,A101,4,Car or other,24,A143,Rent,1,Skilled employee,1,A191,A201,1,0,Good Credit
No checking account,6,Delay in past payments,Radio/television,932,< 100 DM,1-4 years,3,A92,A101,2,Real estate,24,A143,Own,1,Skilled employee,1,A191,A201,1,0,Good Credit
0-200 DM,9,Critical account / other credits,Furniture/equipment,1919,< 100 DM,4-7 years,4,A93,A101,3,Car or other,35,A143,Rent,1,Skilled employee,1,A192,A201,1,0,Good Credit
No checking account,12,Existing credits paid back duly,Used car,2445,Unknown / no savings,< 1 year,2,A94,A101,4,Car or other,26,A143,Rent,1,Skilled employee,1,A192,A201,1,0,Good Credit
0-200 DM,24,Critical account / other credits,Other,11938,< 100 DM,1-4 years,2,A93,A102,3,Car or other,39,A143,Own,2,Management / self-employed,2,A192,A201,2,1,Bad Credit
No checking account,18,All credits at this bank paid back,New car,6458,< 100 DM,>= 7 years,2,A93,A101,4,Unknown / no property,39,A141,Own,2,Management / self-employed,2,A192,A201,2,1,Bad Credit
0-200 DM,12,Existing credits paid back duly,New car,6078,< 100 DM,4-7 years,2,A93,A101,2,Car or other,32,A143,Own,1,Skilled employee,1,A191,A201,1,0,Good Credit
< 0 DM,24,Existing credits paid back duly,Furniture/equipment,7721,Unknown / no savings,< 1 year,1,A92,A101,2,Savings/life insurance,30,A143,Own,1,Skilled employee,1,A192,A202,1,0,Good Credit
0-200 DM,14,Existing credits paid back duly,Business,1410,500-1000 DM,>= 7 years,1,A94,A101,2,Real estate,35,A143,Own,1,Skilled employee,1,A192,A201,1,0,Good Credit
0-200 DM,6,Delay in past payments,Business,1449,100-500 DM,>= 7 years,1,A91,A101,2,Car or other,31,A141,Own,2,Skilled employee,2,A191,A201,1,0,Good Credit
>= 200 DM,15,Existing credits paid back duly,Education,392,< 100 DM,< 1 year,4,A92,A101,4,Savings/life insurance,23,A143,Rent,1,Skilled employee,1,A192,A201,1,0,Good Credit
0-200 DM,18,Existing credits paid back duly,New car,6260,< 100 DM,4-7 years,3,A93,A101,3,Real estate,28,A143,Rent,1,Unskilled resident,1,A191,A201,1,0,Good Credit
No checking account,36,Critical account / other credits,New car,7855,< 100 DM,1-4 years,4,A92,A101,2,Real estate,25,A142,Own,2,Skilled employee,1,A192,A201,2,1,Bad Credit
< 0 DM,12,Existing credits paid back duly,Radio/television,1680,500-1000 DM,>= 7 years,3,A94,A101,1,Real estate,35,A143,Own,1,Skilled employee,1,A191,A201,1,0,Good Credit
No checking account,48,Critical account / other credits,Radio/television,3578,Unknown / no savings,>= 7 years,4,A93,A101,1,Real estate,47,A143,Own,1,Skilled employee,1,A192,A201,1,0,Good Credit
< 0 DM,42,Existing credits paid back duly,Radio/television,7174,Unknown / no savings,4-7 years,4,A92,A101,3,Car or other,30,A143,Own,1,Management / self-employed,1,A192,A201,2,1,Bad Credit
< 0 DM,10,Critical account / other credits,Furniture/equipment,2132,Unknown / no savings,< 1 year,2,A92,A102,3,Real estate,27,A143,Rent,2,Skilled employee,1,A191,A202,1,0,Good Credit
< 0 DM,33,Critical account / other credits,Furniture/equipment,4281,500-1000 DM,1-4 years,1,A92,A101,4,Car or other,23,A143,Own,2,Skilled employee,1,A191,A201,2,1,Bad Credit
0-200 DM,12,Critical account / other credits,New car,2366,500-1000 DM,4-7 years,3,A91,A101,3,Car or other,36,A143,Own,1,Management / self-employed,1,A192,A201,1,0,Good Credit
< 0 DM,21,Existing credits paid back duly,Radio/television,1835,< 100 DM,1-4 years,3,A92,A101,2,Real estate,25,A143,Own,2,Skilled employee,1,A192,A201,2,1,Bad Credit
No checking account,24,Critical account / other credits,Used car,3868,< 100 DM,>= 7 years,4,A92,A101,2,Car or other,41,A143,Rent,2,Management / self-employed,1,A192,A201,1,0,Good Credit
No checking account,12,Existing credits paid back duly,Furniture/equipment,1768,< 100 DM,1-4 years,3,A93,A101,2,Real estate,24,A143,Rent,1,Unskilled resident,1,A191,A201,1,0,Good Credit
>= 200 DM,10,Critical account / other credits,New car,781,< 100 DM,>= 7 years,4,A93,A101,4,Unknown / no property,63,A143,Free,2,Skilled employee,1,A192,A201,1,0,Good Credit
0-200 DM,18,Existing credits paid back duly,Furniture/equipment,1924,Unknown / no savings,< 1 year,4,A92,A101,3,Real estate,27,A143,Rent,1,Skilled employee,1,A191,A201,2,1,Bad Credit
< 0 DM,12,Critical account / other credits,New car,2121,< 100 DM,1-4 years,4,A93,A101,2,Savings/life insurance,30,A143,Own,2,Skilled employee,1,A191,A201,1,0,Good Credit
< 0 DM,12,Existing credits paid back duly,Radio/television,701,< 100 DM,1-4 years,4,A94,A101,2,Real estate,40,A143,Own,1,Unskilled resident,1,A191,A201,1,0,Good Credit
0-200 DM,12,Existing credits paid back duly,Repairs,639,< 100 DM,1-4 years,4,A93,A101,2,Car or other,30,A143,Own,1,Skilled employee,1,A191,A201,2,1,Bad Credit
0-200 DM,12,Critical account / other credits,Used car,1860,< 100 DM,Unemployed,4,A93,A101,2,Car or other,34,A143,Own,2,Management / self-employed,1,A192,A201,1,0,Good Credit
< 0 DM,12,Critical account / other credits,New car,3499,< 100 DM,1-4 years,3,A92,A102,2,Real estate,29,A143,Own,2,Skilled employee,1,A191,A201,2,1,Bad Credit
0-200 DM,48,Existing credits paid back duly,New car,8487,Unknown / no savings,4-7 years,1,A92,A101,2,Car or other,24,A143,Own,1,Skilled employee,1,A191,A201,1,0,Good Credit
< 0 DM,36,Delay in past payments,Education,6887,< 100 DM,1-4 years,4,A93,A101,3,Savings/life insurance,29,A142,Own,1,Skilled employee,1,A192,A201,2,1,Bad Credit
No checking account,15,Existing credits paid back duly,Furniture/equipment,2708,< 100 DM,< 1 year,2,A93,A101,3,Savings/life insurance,27,A141,Own,2,Unskilled resident,1,A191,A201,1,0,Good Credit
No checking account,18,Existing credits paid back duly,Furniture/equipment,1984,< 100 DM,1-4 years,4,A93,A101,4,Unknown / no property,47,A141,Free,2,Skilled employee,1,A191,A201,1,0,Good Credit
No checking account,60,Existing credits paid back duly,Radio/television,10144,100-500 DM,4-7 years,2,A92,A101,4,Real estate,21,A143,Own,1,Skilled employee,1,A192,A201,1,0,Good Credit
No checking account,12,Critical account / other credits,Radio/television,1240,Unknown / no savings,>= 7 years,4,A92,A101,2,Real estate,38,A143,Own,2,Skilled employee,1,A192,A201,1,0,Good Credit
No checking account,27,Delay in past payments,Used car,8613,>= 1000 DM,1-4 years,2,A93,A101,2,Car or other,27,A143,Own,2,Skilled employee,1,A191,A201,1,0,Good Credit
0-200 DM,12,Existing credits paid back duly,Radio/television,766,500-1000 DM,1-4 years,4,A93,A101,3,Real estate,66,A143,Own,1,Unskilled resident,1,A191,A201,2,1,Bad Credit
0-200 DM,15,Critical account / other credits,Radio/television,2728,Unknown / no savings,4-7 years,4,A93,A103,2,Real estate,35,A141,Own,3,Skilled employee,1,A192,A201,1,0,Good Credit
>= 200 DM,12,Existing credits paid back duly,Radio/television,1881,< 100 DM,1-4 years,2,A92,A101,2,Car or other,44,A143,Rent,1,Unskilled resident,1,A192,A201,1,0,Good Credit
>= 200 DM,6,Existing credits paid back duly,New car,709,>= 1000 DM,< 1 year,2,A94,A101,2,Real estate,27,A143,Own,1,Unemployed / unskilled non-resident,1,A191,A202,1,0,Good Credit
0-200 DM,36,Existing credits paid back duly,Radio/television,4795,< 100 DM,< 1 year,4,A92,A101,1,Unknown / no property,30,A143,Own,1,Management / self-employed,1,A192,A201,1,0,Good Credit
< 0 DM,27,Existing credits paid back duly,Radio/television,3416,< 100 DM,1-4 years,3,A93,A101,2,Car or other,27,A143,Own,1,Management / self-employed,1,A191,A201,1,0,Good Credit
< 0 DM,18,Existing credits paid back duly,Furniture/equipment,2462,< 100 DM,1-4 years,2,A93,A101,2,Car or other,22,A143,Own,1,Skilled employee,1,A191,A201,2,1,Bad Credit
No checking account,21,Critical account / other credits,Furniture/equipment,2288,< 100 DM,< 1 year,4,A92,A101,4,Savings/life insurance,23,A143,Own,1,Skilled employee,1,A192,A201,1,0,Good Credit
0-200 DM,48,All credits at this bank paid back,Business,3566,100-500 DM,4-7 years,4,A93,A101,2,Car or other,30,A143,Own,1,Skilled employee,1,A191,A201,1,0,Good Credit
< 0 DM,6,Critical account / other credits,New car,860,< 100 DM,>= 7 years,1,A92,A101,4,Unknown / no property,39,A143,Own,2,Skilled employee,1,A192,A201,1,0,Good Credit
No checking account,12,Critical account / other credits,New car,682,100-500 DM,4-7 years,4,A92,A101,3,Car or other,51,A143,Own,2,Skilled employee,1,A192,A201,1,0,Good Credit
< 0 DM,36,Critical account / other credits,Furniture/equipment,5371,< 100 DM,1-4 years,3,A93,A103,2,Savings/life insurance,28,A143,Own,2,Skilled employee,1,A191,A201,1,0,Good Credit
No checking account,18,Critical account / other credits,Radio/television,1582,>= 1000 DM,>= 7 years,4,A93,A101,4,Car or other,46,A143,Own,2,Skilled employee,1,A191,A201,1,0,Good Credit
No checking account,6,Existing credits paid back duly,Radio/television,1346,100-500 DM,>= 7 years,2,A93,A101,4,Unknown / no property,42,A141,Free,1,Skilled employee,2,A192,A201,1,0,Good Credit
No checking account,10,Existing credits paid back duly,Radio/television,1924,< 100 DM,1-4 years,1,A93,A101,4,Savings/life insurance,38,A143,Own,1,Skilled employee,1,A192,A202,1,0,Good Credit
>= 200 DM,36,Existing credits paid back duly,Radio/television,5848,< 100 DM,1-4 years,4,A93,A101,1,Car or other,24,A143,Own,1,Skilled employee,1,A191,A201,1,0,Good Credit
0-200 DM,24,Critical account / other credits,Used car,7758,>= 1000 DM,>= 7 years,2,A92,A101,4,Unknown / no property,29,A143,Rent,1,Skilled employee,1,A191,A201,1,0,Good Credit
0-200 DM,24,Delay in past payments,Business,6967,100-500 DM,4-7 years,4,A93,A101,4,Car or other,36,A143,Rent,1,Management / self-employed,1,A192,A201,1,0,Good Credit
< 0 DM,12,Existing credits paid back duly,Furniture/equipment,1282,< 100 DM,1-4 years,2,A92,A101,4,Car or other,20,A143,Rent,1,Skilled employee,1,A191,A201,2,1,Bad Credit
< 0 DM,9,Critical account / other credits,Repairs,1288,100-500 DM,>= 7 years,3,A93,A103,4,Real estate,48,A143,Own,2,Skilled employee,2,A191,A202,1,0,Good Credit
< 0 DM,12,All credits at this bank paid back,Retraining,339,< 100 DM,>= 7 years,4,A94,A101,1,Car or other,45,A141,Own,1,Unskilled resident,1,A191,A201,1,0,Good Credit
0-200 DM,24,Existing credits paid back duly,New car,3512,100-500 DM,4-7 years,2,A93,A101,3,Car or other,38,A141,Own,2,Skilled employee,1,A192,A201,1,0,Good Credit
No checking account,6,Critical account / other credits,Radio/television,1898,Unknown / no savings,1-4 years,1,A93,A101,2,Real estate,34,A143,Own,2,Unskilled resident,2,A191,A201,1,0,Good Credit
No checking account,24,Critical account / other credits,Radio/television,2872,100-500 DM,>= 7 years,3,A93,A101,4,Real estate,36,A143,Own,1,Skilled employee,2,A192,A201,1,0,Good Credit
No checking account,18,Critical account / other credits,New car,1055,< 100 DM,< 1 year,4,A92,A101,1,Savings/life insurance,30,A143,Own,2,Skilled employee,1,A191,A201,1,0,Good Credit
No checking account,15,Existing credits paid back duly,Domestic appliances,1262,500-1000 DM,4-7 years,4,A93,A101,3,Savings/life insurance,36,A143,Own,2,Skilled employee,1,A192,A201,1,0,Good Credit
0-200 DM,10,Existing credits paid back duly,New car,7308,< 100 DM,Unemployed,2,A93,A101,4,Unknown / no property,70,A141,Free,1,Management / self-employed,1,A192,A201,1,0,Good Credit
No checking account,36,Existing credits paid back duly,New car,909,500-1000 DM,>= 7 years,4,A93,A101,4,Savings/life insurance,36,A143,Own,1,Skilled employee,1,A191,A201,1,0,Good Credit
No checking account,6,Existing credits paid back duly,Furniture/equipment,2978,500-1000 DM,1-4 years,1,A93,A101,2,Car or other,32,A143,Own,1,Skilled employee,1,A192,A201,1,0,Good Credit
< 0 DM,18,Existing credits paid back duly,Furniture/equipment,1131,< 100 DM,Unemployed,4,A92,A101,2,Car or other,33,A143,Own,1,Skilled employee,1,A191,A201,2,1,Bad Credit
0-200 DM,11,Existing credits paid back duly,Furniture/equipment,1577,>= 1000 DM,< 1 year,4,A92,A101,1,Real estate,20,A143,Own,1,Skilled employee,1,A191,A201,1,0,Good Credit
No checking account,24,Existing credits paid back duly,Furniture/equipment,3972,< 100 DM,4-7 years,2,A92,A101,4,Savings/life insurance,25,A143,Rent,1,Skilled employee,1,A192,A201,1,0,Good Credit
0-200 DM,24,Critical account / other credits,Business,1935,< 100 DM,>= 7 years,4,A91,A101,4,Real estate,31,A143,Own,2,Skilled employee,1,A192,A201,2,1,Bad Credit
< 0 DM,15,No credits / paid back duly,New car,950,< 100 DM,>= 7 years,4,A93,A101,3,Car or other,33,A143,Rent,2,Skilled employee,2,A191,A201,2,1,Bad Credit
No checking account,12,Existing credits paid back duly,Furniture/equipment,763,< 100 DM,1-4 years,4,A92,A101,1,Real estate,26,A143,Own,1,Skilled employee,1,A192,A201,1,0,Good Credit
0-200 DM,24,Delay in past payments,Furniture/equipment,2064,< 100 DM,Unemployed,3,A92,A101,2,Savings/life insurance,34,A143,Own,1,Management / self-employed,1,A192,A201,2,1,Bad Credit
0-200 DM,8,Existing credits paid back duly,Radio/television,1414,< 100 DM,1-4 years,4,A93,A103,2,Real estate,33,A143,Own,1,Skilled employee,1,A191,A202,1,0,Good Credit
< 0 DM,21,Delay in past payments,Education,3414,< 100 DM,< 1 year,2,A93,A101,1,Savings/life insurance,26,A143,Own,2,Skilled employee,1,A191,A201,2,1,Bad Credit
No checking account,30,All credits at this bank paid back,Used car,7485,Unknown / no savings,Unemployed,4,A92,A101,1,Real estate,53,A141,Own,1,Management / self-employed,1,A192,A201,2,1,Bad Credit
< 0 DM,12,Existing credits paid back duly,Furniture/equipment,2577,< 100 DM,1-4 years,2,A91,A101,1,Car or other,42,A143,Own,1,Skilled employee,1,A191,A201,1,0,Good Credit
< 0 DM,6,Critical account / other credits,Radio/television,338,500-1000 DM,>= 7 years,4,A93,A101,4,Car or other,52,A143,Own,2,Skilled employee,1,A191,A201,1,0,Good Credit
No checking account,12,Existing credits paid back duly,Radio/television,1963,< 100 DM,4-7 years,4,A93,A101,2,Car or other,31,A143,Rent,2,Management / self-employed,2,A192,A201,1,0,Good Credit
< 0 DM,21,Critical account / other credits,New car,571,< 100 DM,>= 7 years,4,A93,A101,4,Real estate,65,A143,Own,2,Skilled employee,1,A191,A201,1,0,Good Credit
No checking account,36,Delay in past payments,Business,9572,< 100 DM,< 1 year,1,A91,A101,1,Car or other,28,A143,Own,2,Skilled employee,1,A191,A201,2,1,Bad Credit
0-200 DM,36,Delay in past payments,Business,4455,< 100 DM,1-4 years,2,A91,A101,2,Real estate,30,A142,Own,2,Management / self-employed,1,A192,A201,2,1,Bad Credit
< 0 DM,21,All credits at this bank paid back,New car,1647,Unknown / no savings,1-4 years,4,A93,A101,2,Savings/life insurance,40,A143,Own,2,Unskilled resident,2,A191,A201,2,1,Bad Credit
No checking account,24,Critical account / other credits,Furniture/equipment,3777,>= 1000 DM,1-4 years,4,A93,A101,4,Real estate,50,A143,Own,1,Skilled employee,1,A192,A201,1,0,Good Credit
0-200 DM,18,Critical account / other credits,New car,884,< 100 DM,>= 7 years,4,A93,A101,4,Car or other,36,A141,Own,1,Skilled employee,2,A192,A201,2,1,Bad Credit
No checking account,15,Critical account / other credits,Radio/television,1360,< 100 DM,1-4 years,4,A93,A101,2,Savings/life insurance,31,A143,Own,2,Skilled employee,1,A191,A201,1,0,Good Credit
0-200 DM,9,All credits at this bank paid back,Used car,5129,< 100 DM,>= 7 years,2,A92,A101,4,Unknown / no property,74,A141,Free,1,Management / self-employed,2,A192,A201,2,1,Bad Credit
0-200 DM,16,Critical account / other credits,New car,1175,< 100 DM,Unemployed,2,A93,A101,3,Car or other,68,A143,Free,3,Unemployed / unskilled non-resident,1,A192,A201,1,0,Good Credit
< 0 DM,12,Existing credits paid back duly,Radio/television,674,100-500 DM,4-7 years,4,A94,A101,1,Savings/life insurance,20,A143,Own,1,Skilled employee,1,A191,A201,2,1,Bad Credit
0-200 DM,18,No credits / paid back duly,Furniture/equipment,3244,< 100 DM,1-4 years,1,A92,A101,4,Car or other,33,A141,Own,2,Skilled employee,1,A192,A201,1,0,Good Credit
No checking account,24,Existing credits paid back duly,Business,4591,>= 1000 DM,1-4 years,2,A93,A101,3,Savings/life insurance,54,A143,Own,3,Management / self-employed,1,A192,A201,2,1,Bad Credit
0-200 DM,48,No credits / paid back duly,Business,3844,100-500 DM,4-7 years,4,A93,A101,4,Unknown / no property,34,A143,Free,1,Unskilled resident,2,A191,A201,2,1,Bad Credit
0-200 DM,27,Existing credits paid back duly,Business,3915,< 100 DM,1-4 years,4,A93,A101,2,Car or other,36,A143,Own,1,Skilled employee,2,A192,A201,2,1,Bad Credit
No checking account,6,Existing credits paid back duly,Radio/television,2108,< 100 DM,4-7 years,2,A94,A101,2,Real estate,29,A143,Rent,1,Skilled employee,1,A191,A201,1,0,Good Credit
0-200 DM,45,Existing credits paid back duly,Radio/television,3031,100-500 DM,1-4 years,4,A93,A103,4,Savings/life insurance,21,A143,Rent,1,Skilled employee,1,A191,A201,2,1,Bad Credit
0-200 DM,9,Critical account / other credits,Education,1501,< 100 DM,>= 7 years,2,A92,A101,3,Car or other,34,A143,Own,2,Management / self-employed,1,A192,A201,2,1,Bad Credit
No checking account,6,Critical account / other credits,Radio/television,1382,< 100 DM,1-4 years,1,A92,A101,1,Car or other,28,A143,Own,2,Skilled employee,1,A192,A201,1,0,Good Credit
0-200 DM,12,Existing credits paid back duly,Furniture/equipment,951,100-500 DM,< 1 year,4,A92,A101,4,Car or other,27,A141,Rent,4,Skilled employee,1,A191,A201,2,1,Bad Credit
0-200 DM,24,Existing credits paid back duly,Used car,2760,Unknown / no savings,>= 7 years,4,A93,A101,4,Unknown / no property,36,A141,Free,1,Skilled employee,1,A192,A201,1,0,Good Credit
0-200 DM,18,Delay in past payments,Furniture/equipment,4297,< 100 DM,>= 7 years,4,A91,A101,3,Unknown / no property,40,A143,Own,1,Management / self-employed,1,A192,A201,2,1,Bad Credit
No checking account,9,Critical account / other credits,Education,936,500-1000 DM,>= 7 years,4,A93,A101,2,Car or other,52,A143,Own,2,Skilled employee,1,A192,A201,1,0,Good Credit
< 0 DM,12,Existing credits paid back duly,New car,1168,< 100 DM,1-4 years,4,A94,A101,3,Real estate,27,A143,Own,1,Unskilled resident,1,A191,A201,1,0,Good Credit
No checking account,27,Delay in past payments,Business,5117,< 100 DM,4-7 years,3,A93,A101,4,Car or other,26,A143,Own,2,Skilled employee,1,A191,A201,1,0,Good Credit
< 0 DM,12,Existing credits paid back duly,Retraining,902,< 100 DM,4-7 years,4,A94,A101,4,Savings/life insurance,21,A143,Rent,1,Skilled employee,1,A191,A201,2,1,Bad Credit
No checking account,12,Critical account / other credits,New car,1495,< 100 DM,>= 7 years,4,A93,A101,1,Real estate,38,A143,Own,2,Unskilled resident,2,A191,A201,1,0,Good Credit
< 0 DM,30,Critical account / other credits,Used car,10623,< 100 DM,>= 7 years,3,A93,A101,4,Unknown / no property,38,A143,Free,3,Management / self-employed,2,A192,A201,1,0,Good Credit
No checking account,12,Critical account / other credits,Furniture/equipment,1935,< 100 DM,>= 7 years,4,A93,A101,4,Real estate,43,A143,Own,3,Skilled employee,1,A192,A201,1,0,Good Credit
0-200 DM,12,Critical account / other credits,Domestic appliances,1424,< 100 DM,4-7 years,4,A93,A101,3,Savings/life insurance,26,A143,Own,1,Skilled employee,1,A191,A201,1,0,Good Credit
< 0 DM,24,Existing credits paid back duly,Business,6568,< 100 DM,1-4 years,2,A94,A101,2,Car or other,21,A142,Own,1,Unskilled resident,1,A191,A201,1,0,Good Credit
No checking account,12,Existing credits paid back duly,Used car,1413,>= 1000 DM,4-7 years,3,A93,A101,2,Savings/life insurance,55,A143,Own,1,Skilled employee,1,A191,A202,1,0,Good Credit
No checking account,9,Critical account / other credits,Radio/television,3074,Unknown / no savings,1-4 years,1,A93,A101,2,Real estate,33,A143,Own,2,Skilled employee,2,A191,A201,1,0,Good Credit
No checking account,36,Existing credits paid back duly,Radio/television,3835,Unknown / no savings,>= 7 years,2,A92,A101,4,Real estate,45,A143,Own,1,Unskilled resident,1,A192,A201,1,0,Good Credit
< 0 DM,27,No credits / paid back duly,Business,5293,< 100 DM,Unemployed,2,A93,A101,4,Savings/life insurance,50,A142,Own,2,Skilled employee,1,A192,A201,2,1,Bad Credit
>= 200 DM,30,Delay in past payments,Business,1908,< 100 DM,>= 7 years,4,A93,A101,4,Real estate,66,A143,Own,1,Management / self-employed,1,A192,A201,2,1,Bad Credit
No checking account,36,Critical account / other credits,Radio/television,3342,Unknown / no savings,>= 7 years,4,A93,A101,2,Car or other,51,A143,Own,1,Skilled employee,1,A192,A201,1,0,Good Credit
0-200 DM,6,Critical account / other credits,Retraining,932,Unknown / no savings,4-7 years,1,A92,A101,3,Savings/life insurance,39,A143,Own,2,Unskilled resident,1,A191,A201,1,0,Good Credit
< 0 DM,18,No credits / paid back duly,Business,3104,< 100 DM,4-7 years,3,A93,A101,1,Savings/life insurance,31,A141,Own,1,Skilled employee,1,A192,A201,1,0,Good Credit
>= 200 DM,36,Existing credits paid back duly,Radio/television,3913,< 100 DM,1-4 years,2,A93,A101,2,Real estate,23,A143,Own,1,Skilled employee,1,A192,A201,1,0,Good Credit
< 0 DM,24,Existing credits paid back duly,Furniture/equipment,3021,< 100 DM,1-4 years,2,A91,A101,2,Real estate,24,A143,Rent,1,Unskilled resident,1,A191,A201,1,0,Good Credit
No checking account,10,Existing credits paid back duly,New car,1364,< 100 DM,1-4 years,2,A92,A101,4,Car or other,64,A143,Own,1,Skilled employee,1,A192,A201,1,0,Good Credit
0-200 DM,12,Existing credits paid back duly,Radio/television,625,< 100 DM,< 1 year,4,A94,A103,1,Real estate,26,A141,Own,1,Unskilled resident,1,A191,A201,1,0,Good Credit
< 0 DM,12,Existing credits paid back duly,Education,1200,Unknown / no savings,1-4 years,4,A92,A101,4,Savings/life insurance,23,A141,Rent,1,Skilled employee,1,A192,A201,1,0,Good Credit
No checking account,12,Existing credits paid back duly,Radio/television,707,< 100 DM,1-4 years,4,A93,A101,2,Real estate,30,A141,Own,2,Skilled employee,1,A191,A201,1,0,Good Credit
No checking account,24,Delay in past payments,Business,2978,Unknown / no savings,1-4 years,4,A93,A101,4,Real estate,32,A143,Own,2,Skilled employee,2,A192,A201,1,0,Good Credit
No checking account,15,Existing credits paid back duly,Used car,4657,< 100 DM,1-4 years,3,A93,A101,2,Car or other,30,A143,Own,1,Skilled employee,1,A192,A201,1,0,Good Credit
No checking account,36,No credits / paid back duly,Repairs,2613,< 100 DM,1-4 years,4,A93,A101,2,Car or other,27,A143,Own,2,Skilled employee,1,A191,A201,1,0,Good Credit
0-200 DM,48,Existing credits paid back duly,Radio/television,10961,>= 1000 DM,4-7 years,1,A93,A102,2,Unknown / no property,27,A141,Own,2,Skilled employee,1,A192,A201,2,1,Bad Credit
< 0 DM,12,Existing credits paid back duly,Furniture/equipment,7865,< 100 DM,>= 7 years,4,A93,A101,4,Unknown / no property,53,A143,Free,1,Management / self-employed,1,A192,A201,2,1,Bad Credit
No checking account,9,Existing credits paid back duly,Radio/television,1478,< 100 DM,4-7 years,4,A93,A101,2,Car or other,22,A143,Own,1,Skilled employee,1,A191,A201,2,1,Bad Credit
< 0 DM,24,Existing credits paid back duly,Furniture/equipment,3149,< 100 DM,< 1 year,4,A93,A101,1,Unknown / no property,22,A141,Free,1,Skilled employee,1,A191,A201,1,0,Good Credit
>= 200 DM,36,Existing credits paid back duly,Radio/television,4210,< 100 DM,1-4 years,4,A93,A101,2,Car or other,26,A143,Own,1,Skilled employee,1,A191,A201,2,1,Bad Credit
No checking account,9,Existing credits paid back duly,New car,2507,500-1000 DM,>= 7 years,2,A93,A101,4,Unknown / no property,51,A143,Free,1,Unskilled resident,1,A191,A201,1,0,Good Credit
No checking account,12,Existing credits paid back duly,Radio/television,2141,100-500 DM,4-7 years,3,A93,A101,1,Unknown / no property,35,A143,Own,1,Skilled employee,1,A191,A201,1,0,Good Credit
0-200 DM,18,Existing credits paid back duly,Radio/television,866,< 100 DM,1-4 years,4,A94,A103,2,Real estate,25,A143,Own,1,Unskilled resident,1,A191,A201,1,0,Good Credit
No checking account,4,Critical account / other credits,Radio/television,1544,< 100 DM,4-7 years,2,A93,A101,1,Real estate,42,A143,Own,3,Unskilled resident,2,A191,A201,1,0,Good Credit
< 0 DM,24,Existing credits paid back duly,Radio/television,1823,< 100 DM,Unemployed,4,A93,A101,2,Car or other,30,A142,Own,1,Management / self-employed,2,A191,A201,2,1,Bad Credit
0-200 DM,6,Existing credits paid back duly,New car,14555,Unknown / no savings,Unemployed,1,A93,A101,2,Savings/life insurance,23,A143,Own,1,Unemployed / unskilled non-resident,1,A192,A201,2,1,Bad Credit
0-200 DM,21,Existing credits paid back duly,Business,2767,100-500 DM,>= 7 years,4,A91,A101,2,Car or other,61,A141,Rent,2,Unskilled resident,1,A191,A201,2,1,Bad Credit
No checking account,12,Critical account / other credits,Radio/television,1291,< 100 DM,1-4 years,4,A92,A101,2,Savings/life insurance,35,A143,Own,2,Skilled employee,1,A191,A201,1,0,Good Credit
< 0 DM,30,Existing credits paid back duly,Radio/television,2522,< 100 DM,>= 7 years,1,A93,A103,3,Savings/life insurance,39,A143,Own,1,Skilled employee,2,A191,A201,1,0,Good Credit
< 0 DM,24,Existing credits paid back duly,New car,915,Unknown / no savings,>= 7 years,4,A92,A101,2,Car or other,29,A141,Own,1,Skilled employee,1,A191,A201,2,1,Bad Credit
No checking account,6,Existing credits paid back duly,Radio/television,1595,< 100 DM,4-7 years,3,A93,A101,2,Savings/life insurance,51,A143,Own,1,Skilled employee,2,A191,A201,1,0,Good Credit
< 0 DM,48,No credits / paid back duly,Used car,4605,< 100 DM,>= 7 years,3,A93,A101,4,Unknown / no property,24,A143,Free,2,Skilled employee,2,A191,A201,2,1,Bad Credit
No checking account,12,Critical account / other credits,Business,1185,< 100 DM,1-4 years,3,A92,A101,2,Real estate,27,A143,Own,2,Skilled employee,1,A191,A201,1,0,Good Credit
No checking account,12,All credits at this bank paid back,Retraining,3447,500-1000 DM,1-4 years,4,A92,A101,3,Real estate,35,A143,Own,1,Unskilled resident,2,A191,A201,1,0,Good Credit
No checking account,24,Existing credits paid back duly,Business,1258,< 100 DM,4-7 years,4,A93,A101,1,Real estate,25,A143,Own,1,Skilled employee,1,A192,A201,1,0,Good Credit
No checking account,12,Critical account / other credits,Radio/television,717,< 100 DM,>= 7 years,4,A93,A101,4,Real estate,52,A143,Own,3,Skilled employee,1,A191,A201,1,0,Good Credit
No checking account,6,No credits / paid back duly,New car,1204,100-500 DM,1-4 years,4,A93,A101,1,Unknown / no property,35,A141,Rent,1,Skilled employee,1,A191,A202,1,0,Good Credit
>= 200 DM,24,Existing credits paid back duly,Furniture/equipment,1925,< 100 DM,1-4 years,2,A93,A101,2,Real estate,26,A143,Own,1,Skilled employee,1,A191,A201,1,0,Good Credit
No checking account,18,Existing credits paid back duly,Radio/television,433,< 100 DM,Unemployed,3,A92,A102,4,Real estate,22,A143,Rent,1,Skilled employee,1,A191,A201,2,1,Bad Credit
< 0 DM,6,Critical account / other credits,New car,666,>= 1000 DM,4-7 years,3,A92,A101,4,Real estate,39,A143,Own,2,Unskilled resident,1,A192,A201,1,0,Good Credit
>= 200 DM,12,Existing credits paid back duly,Furniture/equipment,2251,< 100 DM,1-4 years,1,A92,A101,2,Car or other,46,A143,Own,1,Unskilled resident,1,A191,A201,1,0,Good Credit
0-200 DM,30,Existing credits paid back duly,New car,2150,< 100 DM,1-4 years,4,A92,A103,2,Unknown / no property,24,A141,Own,1,Skilled employee,1,A191,A201,2,1,Bad Credit
No checking account,24,Delay in past payments,Furniture/equipment,4151,100-500 DM,1-4 years,2,A93,A101,3,Savings/life insurance,35,A143,Own,2,Skilled employee,1,A191,A201,1,0,Good Credit
0-200 DM,9,Existing credits paid back duly,Furniture/equipment,2030,Unknown / no savings,4-7 years,2,A93,A101,1,Car or other,24,A143,Own,1,Skilled employee,1,A192,A201,1,0,Good Credit
0-200 DM,60,Delay in past payments,Radio/television,7418,Unknown / no savings,1-4 years,1,A93,A101,1,Real estate,27,A143,Own,1,Unskilled resident,1,A191,A201,1,0,Good Credit
No checking account,24,Critical account / other credits,Radio/television,2684,< 100 DM,1-4 years,4,A93,A101,2,Real estate,35,A143,Own,2,Unskilled resident,1,A191,A201,1,0,Good Credit
< 0 DM,12,All credits at this bank paid back,Radio/television,2149,< 100 DM,1-4 years,4,A91,A101,1,Unknown / no property,29,A143,Free,1,Skilled employee,1,A191,A201,2,1,Bad Credit
No checking account,15,Existing credits paid back duly,Used car,3812,100-500 DM,< 1 year,1,A92,A101,4,Car or other,23,A143,Own,1,Skilled employee,1,A192,A201,1,0,Good Credit
No checking account,11,Critical account / other credits,Radio/television,1154,100-500 DM,Unemployed,4,A92,A101,4,Real estate,57,A143,Own,3,Unskilled resident,1,A191,A201,1,0,Good Credit
< 0 DM,12,Existing credits paid back duly,Furniture/equipment,1657,< 100 DM,1-4 years,2,A93,A101,2,Real estate,27,A143,Own,1,Skilled employee,1,A191,A201,1,0,Good Credit
< 0 DM,24,Existing credits paid back duly,Radio/television,1603,< 100 DM,>= 7 years,4,A92,A101,4,Car or other,55,A143,Own,1,Skilled employee,1,A191,A201,1,0,Good Credit
< 0 DM,18,Critical account / other credits,New car,5302,< 100 DM,>= 7 years,2,A93,A101,4,Unknown / no property,36,A143,Free,3,Management / self-employed,1,A192,A201,1,0,Good Credit
No checking account,12,Critical account / other credits,Education,2748,< 100 DM,>= 7 years,2,A92,A101,4,Unknown / no property,57,A141,Free,3,Unskilled resident,1,A191,A201,1,0,Good Credit
No checking account,10,Critical account / other credits,New car,1231,< 100 DM,>= 7 years,3,A93,A101,4,Real estate,32,A143,Own,2,Unskilled resident,2,A191,A202,1,0,Good Credit
0-200 DM,15,Existing credits paid back duly,Radio/television,802,< 100 DM,>= 7 years,4,A93,A101,3,Car or other,37,A143,Own,1,Skilled employee,2,A191,A201,2,1,Bad Credit
No checking account,36,Critical account / other credits,Business,6304,Unknown / no savings,>= 7 years,4,A93,A101,4,Real estate,36,A143,Own,2,Skilled employee,1,A191,A201,1,0,Good Credit
No checking account,24,Existing credits paid back duly,Radio/television,1533,< 100 DM,< 1 year,4,A92,A101,3,Car or other,38,A142,Own,1,Skilled employee,1,A192,A201,1,0,Good Credit
< 0 DM,14,Existing credits paid back duly,New car,8978,< 100 DM,>= 7 years,1,A91,A101,4,Savings/life insurance,45,A143,Own,1,Management / self-employed,1,A192,A202,2,1,Bad Credit
No checking account,24,Existing credits paid back duly,Radio/television,999,Unknown / no savings,>= 7 years,4,A93,A101,2,Car or other,25,A143,Own,2,Skilled employee,1,A191,A201,1,0,Good Credit
No checking account,18,Existing credits paid back duly,New car,2662,Unknown / no savings,4-7 years,4,A93,A101,3,Savings/life insurance,32,A143,Own,1,Skilled employee,1,A191,A202,1,0,Good Credit
No checking account,12,Critical account / other credits,Furniture/equipment,1402,500-1000 DM,4-7 years,3,A92,A101,4,Car or other,37,A143,Rent,1,Skilled employee,1,A192,A201,1,0,Good Credit
0-200 DM,48,All credits at this bank paid back,New car,12169,Unknown / no savings,Unemployed,4,A93,A102,4,Unknown / no property,36,A143,Free,1,Management / self-employed,1,A192,A201,1,0,Good Credit
0-200 DM,48,Existing credits paid back duly,Radio/television,3060,< 100 DM,4-7 years,4,A93,A101,4,Real estate,28,A143,Own,2,Skilled employee,1,A191,A201,2,1,Bad Credit
< 0 DM,30,Existing credits paid back duly,Repairs,11998,< 100 DM,< 1 year,1,A91,A101,1,Unknown / no property,34,A143,Own,1,Unskilled resident,1,A192,A201,2,1,Bad Credit
No checking account,9,Existing credits paid back duly,Radio/television,2697,< 100 DM,1-4 years,1,A93,A101,2,Real estate,32,A143,Own,1,Skilled employee,2,A191,A201,1,0,Good Credit
No checking account,18,Critical account / other credits,Radio/television,2404,< 100 DM,1-4 years,2,A92,A101,2,Car or other,26,A143,Own,2,Skilled employee,1,A191,A201,1,0,Good Credit
< 0 DM,12,Existing credits paid back duly,Furniture/equipment,1262,Unknown / no savings,>= 7 years,2,A91,A101,4,Savings/life insurance,49,A143,Own,1,Unskilled resident,1,A192,A201,1,0,Good Credit
No checking account,6,Existing credits paid back duly,Furniture/equipment,4611,< 100 DM,< 1 year,1,A92,A101,4,Savings/life insurance,32,A143,Own,1,Skilled employee,1,A191,A201,2,1,Bad Credit
No checking account,24,Existing credits paid back duly,Radio/television,1901,100-500 DM,1-4 years,4,A93,A101,4,Car or other,29,A143,Rent,1,Management / self-employed,1,A192,A201,1,0,Good Credit
No checking account,15,Critical account / other credits,Used car,3368,>= 1000 DM,>= 7 years,3,A93,A101,4,Unknown / no property,23,A143,Rent,2,Skilled employee,1,A192,A201,1,0,Good Credit
No checking account,12,Existing credits paid back duly,Furniture/equipment,1574,< 100 DM,1-4 years,4,A93,A101,2,Real estate,50,A143,Own,1,Skilled employee,1,A191,A201,1,0,Good Credit
>= 200 DM,18,All credits at this bank paid back,Radio/television,1445,Unknown / no savings,4-7 years,4,A93,A101,4,Car or other,49,A141,Own,1,Unskilled resident,1,A191,A201,1,0,Good Credit
No checking account,15,Critical account / other credits,Furniture/equipment,1520,Unknown / no savings,>= 7 years,4,A93,A101,4,Savings/life insurance,63,A143,Own,1,Skilled employee,1,A191,A201,1,0,Good Credit
0-200 DM,24,Critical account / other credits,New car,3878,100-500 DM,< 1 year,4,A91,A101,2,Car or other,37,A143,Own,1,Skilled employee,1,A192,A201,1,0,Good Credit
< 0 DM,47,Existing credits paid back duly,New car,10722,< 100 DM,< 1 year,1,A92,A101,1,Real estate,35,A143,Own,1,Unskilled resident,1,A192,A201,1,0,Good Credit
< 0 DM,48,Existing credits paid back duly,Used car,4788,< 100 DM,4-7 years,4,A93,A101,3,Savings/life insurance,26,A143,Own,1,Skilled employee,2,A191,A201,1,0,Good Credit
0-200 DM,48,Delay in past payments,Other,7582,100-500 DM,Unemployed,2,A93,A101,4,Unknown / no property,31,A143,Free,1,Management / self-employed,1,A192,A201,1,0,Good Credit
0-200 DM,12,Existing credits paid back duly,Radio/television,1092,< 100 DM,1-4 years,4,A92,A103,4,Real estate,49,A143,Own,2,Skilled employee,1,A192,A201,1,0,Good Credit
< 0 DM,24,Delay in past payments,Radio/television,1024,< 100 DM,< 1 year,4,A94,A101,4,Real estate,48,A142,Own,1,Skilled employee,1,A191,A201,2,1,Bad Credit
No checking account,12,Existing credits paid back duly,Business,1076,< 100 DM,1-4 years,2,A94,A101,2,Real estate,26,A143,Own,1,Skilled employee,1,A192,A202,1,0,Good Credit
0-200 DM,36,Existing credits paid back duly,Used car,9398,< 100 DM,< 1 year,1,A94,A101,4,Car or other,28,A143,Rent,1,Management / self-employed,1,A192,A201,2,1,Bad Credit
< 0 DM,24,Critical account / other credits,Used car,6419,< 100 DM,>= 7 years,2,A92,A101,4,Unknown / no property,44,A143,Free,2,Management / self-employed,2,A192,A201,1,0,Good Credit
>= 200 DM,42,Critical account / other credits,Used car,4796,< 100 DM,>= 7 years,4,A93,A101,4,Unknown / no property,56,A143,Free,1,Skilled employee,1,A191,A201,1,0,Good Credit
No checking account,48,Critical account / other credits,Business,7629,Unknown / no savings,>= 7 years,4,A91,A101,2,Car or other,46,A141,Own,2,Management / self-employed,2,A191,A201,1,0,Good Credit
0-200 DM,48,Existing credits paid back duly,Furniture/equipment,9960,< 100 DM,< 1 year,1,A92,A101,2,Car or other,26,A143,Own,1,Skilled employee,1,A192,A201,2,1,Bad Credit
No checking account,12,Existing credits paid back duly,Used car,4675,Unknown / no savings,< 1 year,1,A92,A101,4,Car or other,20,A143,Rent,1,Skilled employee,1,A191,A201,1,0,Good Credit
No checking account,10,Existing credits paid back duly,New car,1287,Unknown / no savings,>= 7 years,4,A93,A102,2,Savings/life insurance,45,A143,Own,1,Unskilled resident,1,A191,A202,1,0,Good Credit
No checking account,18,Existing credits paid back duly,Furniture/equipment,2515,< 100 DM,1-4 years,3,A93,A101,4,Real estate,43,A143,Own,1,Skilled employee,1,A192,A201,1,0,Good Credit
0-200 DM,21,Critical account / other credits,Furniture/equipment,2745,>= 1000 DM,4-7 years,3,A93,A101,2,Car or other,32,A143,Own,2,Skilled employee,1,A192,A201,1,0,Good Credit
No checking account,6,Existing credits paid back duly,New car,672,< 100 DM,Unemployed,1,A92,A101,4,Real estate,54,A143,Own,1,Unemployed / unskilled non-resident,1,A192,A201,1,0,Good Credit
0-200 DM,36,No credits / paid back duly,Radio/television,3804,< 100 DM,1-4 years,4,A92,A101,1,Car or other,42,A143,Own,1,Skilled employee,1,A192,A201,2,1,Bad Credit
>= 200 DM,24,Critical account / other credits,New car,1344,Unknown / no savings,4-7 years,4,A93,A101,2,Real estate,37,A141,Own,2,Unskilled resident,2,A191,A201,2,1,Bad Credit
< 0 DM,10,Critical account / other credits,New car,1038,< 100 DM,4-7 years,4,A93,A102,3,Savings/life insurance,49,A143,Own,2,Skilled employee,1,A192,A201,1,0,Good Credit
No checking account,48,Critical account / other credits,New car,10127,500-1000 DM,1-4 years,2,A93,A101,2,Unknown / no property,44,A141,Free,1,Skilled employee,1,A191,A201,2,1,Bad Credit
No checking account,6,Existing credits paid back duly,Furniture/equipment,1543,>= 1000 DM,1-4 years,4,A91,A101,2,Real estate,33,A143,Own,1,Skilled employee,1,A191,A201,1,0,Good Credit
No checking account,30,Existing credits paid back duly,Used car,4811,Unknown / no savings,4-7 years,2,A92,A101,4,Savings/life insurance,24,A142,Rent,1,Unskilled resident,1,A191,A201,1,0,Good Credit
< 0 DM,12,Existing credits paid back duly,Radio/television,727,100-500 DM,< 1 year,4,A94,A101,3,Unknown / no property,33,A143,Own,1,Unskilled resident,1,A192,A201,2,1,Bad Credit
0-200 DM,8,Existing credits paid back duly,Furniture/equipment,1237,< 100 DM,1-4 years,3,A92,A101,4,Real estate,24,A143,Own,1,Skilled employee,1,A191,A201,2,1,Bad Credit
0-200 DM,9,Existing credits paid back duly,New car,276,< 100 DM,1-4 years,4,A94,A101,4,Real estate,22,A143,Rent,1,Unskilled resident,1,A191,A201,1,0,Good Credit
0-200 DM,48,Existing credits paid back duly,Other,5381,Unknown / no savings,Unemployed,3,A93,A101,4,Unknown / no property,40,A141,Free,1,Unemployed / unskilled non-resident,1,A192,A201,1,0,Good Credit
No checking account,24,Existing credits paid back duly,Furniture/equipment,5511,100-500 DM,1-4 years,4,A93,A101,1,Car or other,25,A142,Own,1,Skilled employee,1,A191,A201,1,0,Good Credit
>= 200 DM,24,Existing credits paid back duly,Furniture/equipment,3749,< 100 DM,< 1 year,2,A92,A101,4,Car or other,26,A143,Own,1,Skilled employee,1,A191,A201,1,0,Good Credit
0-200 DM,12,Existing credits paid back duly,New car,685,< 100 DM,4-7 years,2,A94,A101,3,Car or other,25,A141,Own,1,Unskilled resident,1,A191,A201,2,1,Bad Credit
>= 200 DM,4,Existing credits paid back duly,New car,1494,Unknown / no savings,< 1 year,1,A93,A101,2,Real estate,29,A143,Own,1,Unskilled resident,2,A191,A202,1,0,Good Credit
< 0 DM,36,All credits at this bank paid back,Furniture/equipment,2746,< 100 DM,>= 7 years,4,A93,A101,4,Car or other,31,A141,Own,1,Skilled employee,1,A191,A201,2,1,Bad Credit
< 0 DM,12,Existing credits paid back duly,Furniture/equipment,708,< 100 DM,1-4 years,2,A93,A103,3,Savings/life insurance,38,A143,Own,1,Unskilled resident,2,A191,A201,1,0,Good Credit
0-200 DM,24,Existing credits paid back duly,Furniture/equipment,4351,Unknown / no savings,1-4 years,1,A92,A101,4,Savings/life insurance,48,A143,Own,1,Unskilled resident,1,A192,A201,1,0,Good Credit
No checking account,12,Critical account / other credits,Education,701,< 100 DM,1-4 years,4,A93,A101,2,Car or other,32,A143,Own,2,Skilled employee,1,A191,A201,1,0,Good Credit
< 0 DM,15,Delay in past payments,Furniture/equipment,3643,< 100 DM,>= 7 years,1,A92,A101,4,Savings/life insurance,27,A143,Own,2,Unskilled resident,1,A191,A201,1,0,Good Credit
0-200 DM,30,Critical account / other credits,New car,4249,< 100 DM,Unemployed,4,A94,A101,2,Car or other,28,A143,Own,2,Management / self-employed,1,A191,A201,2,1,Bad Credit
< 0 DM,24,Existing credits paid back duly,Radio/television,1938,< 100 DM,< 1 year,4,A91,A101,3,Savings/life insurance,32,A143,Own,1,Skilled employee,1,A191,A201,2,1,Bad Credit
< 0 DM,24,Existing credits paid back duly,Used car,2910,< 100 DM,4-7 years,2,A93,A101,1,Unknown / no property,34,A143,Free,1,Management / self-employed,1,A192,A201,1,0,Good Credit
< 0 DM,18,Existing credits paid back duly,Furniture/equipment,2659,>= 1000 DM,1-4 years,4,A93,A101,2,Car or other,28,A143,Own,1,Skilled employee,1,A191,A201,1,0,Good Credit
No checking account,18,Critical account / other credits,New car,1028,< 100 DM,1-4 years,4,A92,A101,3,Real estate,36,A143,Own,2,Skilled employee,1,A191,A201,1,0,Good Credit
< 0 DM,8,Critical account / other credits,New car,3398,< 100 DM,4-7 years,1,A93,A101,4,Real estate,39,A143,Own,2,Unskilled resident,1,A191,A202,1,0,Good Credit
No checking account,12,Critical account / other credits,Furniture/equipment,5801,Unknown / no savings,>= 7 years,2,A93,A101,4,Savings/life insurance,49,A143,Rent,1,Skilled employee,1,A192,A201,1,0,Good Credit
No checking account,24,Existing credits paid back duly,New car,1525,>= 1000 DM,4-7 years,4,A92,A101,3,Car or other,34,A143,Own,1,Skilled employee,2,A192,A201,1,0,Good Credit
>= 200 DM,36,Existing credits paid back duly,Radio/television,4473,< 100 DM,>= 7 years,4,A93,A101,2,Car or other,31,A143,Own,1,Skilled employee,1,A191,A201,1,0,Good Credit
0-200 DM,6,Existing credits paid back duly,Radio/television,1068,< 100 DM,>= 7 years,4,A93,A101,4,Car or other,28,A143,Own,1,Skilled employee,2,A191,A201,1,0,Good Credit
< 0 DM,24,Critical account / other credits,Used car,6615,< 100 DM,Unemployed,2,A93,A101,4,Unknown / no property,75,A143,Free,2,Management / self-employed,1,A192,A201,1,0,Good Credit
No checking account,18,Critical account / other credits,Education,1864,100-500 DM,1-4 years,4,A92,A101,2,Real estate,30,A143,Own,2,Skilled employee,1,A191,A201,2,1,Bad Credit
0-200 DM,60,Existing credits paid back duly,New car,7408,100-500 DM,< 1 year,4,A92,A101,2,Savings/life insurance,24,A143,Own,1,Management / self-employed,1,A191,A201,2,1,Bad Credit
No checking account,48,Critical account / other credits,Used car,11590,100-500 DM,1-4 years,2,A92,A101,4,Car or other,24,A141,Rent,2,Unskilled resident,1,A191,A201,2,1,Bad Credit
< 0 DM,24,No credits / paid back duly,Furniture/equipment,4110,< 100 DM,>= 7 years,3,A93,A101,4,Unknown / no property,23,A141,Rent,2,Skilled employee,2,A191,A201,2,1,Bad Credit
< 0 DM,6,Critical account / other credits,Furniture/equipment,3384,< 100 DM,1-4 years,1,A91,A101,4,Real estate,44,A143,Rent,1,Management / self-employed,1,A192,A201,2,1,Bad Credit
0-200 DM,13,Existing credits paid back duly,Radio/television,2101,< 100 DM,< 1 year,2,A92,A103,4,Savings/life insurance,23,A143,Own,1,Unskilled resident,1,A191,A201,1,0,Good Credit
< 0 DM,15,Existing credits paid back duly,Domestic appliances,1275,Unknown / no savings,1-4 years,4,A92,A101,2,Car or other,24,A143,Rent,1,Skilled employee,1,A191,A201,2,1,Bad Credit
< 0 DM,24,Existing credits paid back duly,Furniture/equipment,4169,< 100 DM,1-4 years,4,A93,A101,4,Savings/life insurance,28,A143,Own,1,Skilled employee,1,A191,A201,1,0,Good Credit
0-200 DM,10,Existing credits paid back duly,Furniture/equipment,1521,< 100 DM,1-4 years,4,A91,A101,2,Car or other,31,A143,Own,1,Unskilled resident,1,A191,A201,1,0,Good Credit
0-200 DM,24,Critical account / other credits,Education,5743,< 100 DM,< 1 year,2,A92,A101,4,Unknown / no property,24,A143,Free,2,Skilled employee,1,A192,A201,1,0,Good Credit
< 0 DM,21,Existing credits paid back duly,Furniture/equipment,3599,< 100 DM,4-7 years,1,A92,A101,4,Car or other,26,A143,Rent,1,Unskilled resident,1,A191,A201,1,0,Good Credit
0-200 DM,18,Existing credits paid back duly,Radio/television,3213,500-1000 DM,< 1 year,1,A94,A101,3,Real estate,25,A143,Rent,1,Skilled employee,1,A191,A201,1,0,Good Credit
0-200 DM,18,Existing credits paid back duly,Business,4439,< 100 DM,>= 7 years,1,A93,A102,1,Real estate,33,A141,Own,1,Management / self-employed,1,A192,A201,1,0,Good Credit
>= 200 DM,10,Existing credits paid back duly,New car,3949,< 100 DM,< 1 year,1,A93,A103,1,Savings/life insurance,37,A143,Own,1,Unskilled resident,2,A191,A201,1,0,Good Credit
No checking account,15,Critical account / other credits,Radio/television,1459,< 100 DM,1-4 years,4,A92,A101,2,Car or other,43,A143,Own,1,Unskilled resident,1,A191,A201,1,0,Good Credit
0-200 DM,13,Critical account / other credits,Radio/television,882,< 100 DM,< 1 year,4,A93,A103,4,Real estate,23,A143,Own,2,Skilled employee,1,A191,A201,1,0,Good Credit
0-200 DM,24,Existing credits paid back duly,Radio/television,3758,500-1000 DM,Unemployed,1,A92,A101,4,Unknown / no property,23,A143,Rent,1,Unemployed / unskilled non-resident,1,A191,A201,1,0,Good Credit
No checking account,6,Delay in past payments,Business,1743,100-500 DM,1-4 years,1,A93,A101,2,Real estate,34,A143,Own,2,Unskilled resident,1,A191,A201,1,0,Good Credit
0-200 DM,9,Critical account / other credits,Education,1136,>= 1000 DM,>= 7 years,4,A93,A101,3,Unknown / no property,32,A143,Free,2,Skilled employee,2,A191,A201,2,1,Bad Credit
No checking account,9,Existing credits paid back duly,Domestic appliances,1236,< 100 DM,< 1 year,1,A92,A101,4,Real estate,23,A143,Rent,1,Skilled employee,1,A192,A201,1,0,Good Credit
0-200 DM,9,Existing credits paid back duly,Furniture/equipment,959,< 100 DM,1-4 years,1,A92,A101,2,Car or other,29,A143,Own,1,Skilled employee,1,A191,A202,2,1,Bad Credit
No checking account,18,Critical account / other credits,Used car,3229,Unknown / no savings,Unemployed,2,A93,A101,4,Unknown / no property,38,A143,Own,1,Management / self-employed,1,A192,A201,1,0,Good Credit
< 0 DM,12,No credits / paid back duly,Radio/television,6199,< 100 DM,1-4 years,4,A93,A101,2,Savings/life insurance,28,A143,Rent,2,Skilled employee,1,A192,A201,2,1,Bad Credit
No checking account,10,Existing credits paid back duly,Education,727,500-1000 DM,>= 7 years,4,A93,A101,4,Unknown / no property,46,A143,Free,1,Skilled employee,1,A192,A201,1,0,Good Credit
0-200 DM,24,Existing credits paid back duly,New car,1246,< 100 DM,< 1 year,4,A93,A101,2,Real estate,23,A142,Own,1,Unskilled resident,1,A191,A201,2,1,Bad Credit
No checking account,12,Critical account / other credits,Radio/television,2331,Unknown / no savings,>= 7 years,1,A93,A102,4,Real estate,49,A143,Own,1,Skilled employee,1,A192,A201,1,0,Good Credit
No checking account,36,Delay in past payments,Radio/television,4463,< 100 DM,1-4 years,4,A93,A101,2,Car or other,26,A143,Own,2,Management / self-employed,1,A192,A201,2,1,Bad Credit
No checking account,12,Existing credits paid back duly,Radio/television,776,< 100 DM,1-4 years,4,A94,A101,2,Real estate,28,A143,Own,1,Skilled employee,1,A191,A201,1,0,Good Credit
< 0 DM,30,Existing credits paid back duly,Furniture/equipment,2406,< 100 DM,4-7 years,4,A92,A101,4,Real estate,23,A143,Rent,1,Skilled employee,1,A191,A201,2,1,Bad Credit
0-200 DM,18,Existing credits paid back duly,Education,1239,Unknown / no savings,1-4 years,4,A93,A101,4,Unknown / no property,61,A143,Free,1,Skilled employee,1,A191,A201,1,0,Good Credit
>= 200 DM,12,Existing credits paid back duly,Radio/television,3399,Unknown / no savings,>= 7 years,2,A93,A101,3,Car or other,37,A143,Own,1,Management / self-employed,1,A191,A201,1,0,Good Credit
>= 200 DM,12,Delay in past payments,New car,2247,< 100 DM,1-4 years,2,A92,A101,2,Car or other,36,A142,Own,2,Skilled employee,1,A192,A201,1,0,Good Credit
No checking account,6,Existing credits paid back duly,Furniture/equipment,1766,< 100 DM,1-4 years,1,A94,A101,2,Savings/life insurance,21,A143,Rent,1,Skilled employee,1,A191,A201,1,0,Good Credit
< 0 DM,18,Existing credits paid back duly,Furniture/equipment,2473,< 100 DM,Unemployed,4,A93,A101,1,Car or other,25,A143,Own,1,Unemployed / unskilled non-resident,1,A191,A201,2,1,Bad Credit
No checking account,12,Existing credits paid back duly,Business,1542,< 100 DM,4-7 years,2,A93,A101,4,Car or other,36,A143,Own,1,Skilled employee,1,A192,A201,1,0,Good Credit
No checking account,18,Critical account / other credits,Used car,3850,< 100 DM,4-7 years,3,A93,A101,1,Car or other,27,A143,Own,2,Skilled employee,1,A191,A201,1,0,Good Credit
< 0 DM,18,Existing credits paid back duly,Furniture/equipment,3650,< 100 DM,< 1 year,1,A92,A101,4,Car or other,22,A143,Rent,1,Skilled employee,1,A191,A201,1,0,Good Credit
< 0 DM,36,Existing credits paid back duly,Furniture/equipment,3446,< 100 DM,>= 7 years,4,A93,A101,2,Car or other,42,A143,Own,1,Skilled employee,2,A191,A201,2,1,Bad Credit
0-200 DM,18,Existing credits paid back duly,Furniture/equipment,3001,< 100 DM,4-7 years,2,A92,A101,4,Real estate,40,A143,Rent,1,Skilled employee,1,A191,A201,1,0,Good Credit
No checking account,36,Existing credits paid back duly,New car,3079,Unknown / no savings,1-4 years,4,A93,A101,4,Real estate,36,A143,Own,1,Skilled employee,1,A191,A201,1,0,Good Credit
No checking account,18,Critical account / other credits,Radio/television,6070,< 100 DM,>= 7 years,3,A93,A101,4,Car or other,33,A143,Own,2,Skilled employee,1,A192,A201,1,0,Good Credit
No checking account,10,Critical account / other credits,Furniture/equipment,2146,< 100 DM,< 1 year,1,A92,A101,3,Real estate,23,A143,Rent,2,Skilled employee,1,A191,A201,1,0,Good Credit
No checking account,60,Critical account / other credits,New car,13756,Unknown / no savings,>= 7 years,2,A93,A101,4,Unknown / no property,63,A141,Free,1,Management / self-employed,1,A192,A201,1,0,Good Credit
0-200 DM,60,All credits at this bank paid back,Other,14782,100-500 DM,>= 7 years,3,A92,A101,4,Unknown / no property,60,A141,Free,2,Management / self-employed,1,A192,A201,2,1,Bad Credit
< 0 DM,48,All credits at this bank paid back,Business,7685,< 100 DM,4-7 years,2,A92,A103,4,Car or other,37,A143,Rent,1,Skilled employee,1,A191,A201,2,1,Bad Credit
No checking account,18,Delay in past payments,Radio/television,2320,< 100 DM,Unemployed,2,A94,A101,3,Real estate,34,A143,Own,2,Skilled employee,1,A191,A201,1,0,Good Credit
No checking account,7,Delay in past payments,Radio/television,846,Unknown / no savings,>= 7 years,3,A93,A101,4,Unknown / no property,36,A143,Free,1,Skilled employee,1,A191,A201,1,0,Good Credit
0-200 DM,36,Existing credits paid back duly,New car,14318,< 100 DM,>= 7 years,4,A93,A101,2,Unknown / no property,57,A143,Free,1,Management / self-employed,1,A192,A201,2,1,Bad Credit
No checking account,6,Critical account / other credits,New car,362,100-500 DM,1-4 years,4,A92,A101,4,Car or other,52,A143,Own,2,Unskilled resident,1,A191,A201,1,0,Good Credit
< 0 DM,20,Existing credits paid back duly,Furniture/equipment,2212,Unknown / no savings,4-7 years,4,A93,A101,4,Car or other,39,A143,Own,1,Skilled employee,1,A192,A201,1,0,Good Credit
0-200 DM,18,Existing credits paid back duly,Used car,12976,< 100 DM,Unemployed,3,A92,A101,4,Unknown / no property,38,A143,Free,1,Management / self-employed,1,A192,A201,2,1,Bad Credit
No checking account,22,Existing credits paid back duly,New car,1283,Unknown / no savings,4-7 years,4,A92,A101,4,Savings/life insurance,25,A143,Rent,1,Skilled employee,1,A191,A201,1,0,Good Credit
>= 200 DM,12,Existing credits paid back duly,New car,1330,< 100 DM,< 1 year,4,A93,A101,1,Real estate,26,A143,Own,1,Skilled employee,1,A191,A201,1,0,Good Credit
No checking account,30,Delay in past payments,Business,4272,100-500 DM,1-4 years,2,A93,A101,2,Savings/life insurance,26,A143,Own,2,Unskilled resident,1,A191,A201,1,0,Good Credit
No checking account,18,Critical account / other credits,Radio/television,2238,< 100 DM,1-4 years,2,A92,A101,1,Car or other,25,A143,Own,2,Skilled employee,1,A191,A201,1,0,Good Credit
No checking account,18,Existing credits paid back duly,Radio/television,1126,Unknown / no savings,< 1 year,4,A92,A101,2,Real estate,21,A143,Rent,1,Skilled employee,1,A192,A201,1,0,Good Credit
0-200 DM,18,Critical account / other credits,Furniture/equipment,7374,< 100 DM,Unemployed,4,A93,A101,4,Savings/life insurance,40,A142,Own,2,Management / self-employed,1,A192,A201,1,0,Good Credit
0-200 DM,15,Critical account / other credits,Business,2326,500-1000 DM,1-4 years,2,A93,A101,4,Car or other,27,A141,Own,1,Skilled employee,1,A191,A201,1,0,Good Credit
No checking account,9,Existing credits paid back duly,Business,1449,< 100 DM,4-7 years,3,A92,A101,2,Car or other,27,A143,Own,2,Skilled employee,1,A191,A201,1,0,Good Credit
No checking account,18,Existing credits paid back duly,New car,1820,< 100 DM,1-4 years,2,A94,A101,2,Savings/life insurance,30,A143,Own,1,Management / self-employed,1,A192,A201,1,0,Good Credit
0-200 DM,12,Existing credits paid back duly,Furniture/equipment,983,>= 1000 DM,< 1 year,1,A92,A101,4,Real estate,19,A143,Rent,1,Unskilled resident,1,A191,A201,1,0,Good Credit
< 0 DM,36,Existing credits paid back duly,New car,3249,< 100 DM,4-7 years,2,A93,A101,4,Unknown / no property,39,A141,Free,1,Management / self-employed,2,A192,A201,1,0,Good Credit
< 0 DM,6,Critical account / other credits,Radio/television,1957,< 100 DM,4-7 years,1,A92,A101,4,Car or other,31,A143,Own,1,Skilled employee,1,A191,A201,1,0,Good Credit
No checking account,9,Critical account / other credits,Furniture/equipment,2406,< 100 DM,Unemployed,2,A93,A101,3,Car or other,31,A143,Own,1,Management / self-employed,1,A191,A201,1,0,Good Credit
0-200 DM,39,Delay in past payments,Education,11760,100-500 DM,4-7 years,2,A93,A101,3,Unknown / no property,32,A143,Rent,1,Skilled employee,1,A192,A201,1,0,Good Credit
< 0 DM,12,Existing credits paid back duly,Furniture/equipment,2578,< 100 DM,Unemployed,3,A92,A101,4,Unknown / no property,55,A143,Free,1,Management / self-employed,1,A191,A201,1,0,Good Credit
< 0 DM,36,Critical account / other credits,Furniture/equipment,2348,< 100 DM,1-4 years,3,A94,A101,2,Savings/life insurance,46,A143,Own,2,Skilled employee,1,A192,A201,1,0,Good Credit
0-200 DM,12,Existing credits paid back duly,New car,1223,< 100 DM,>= 7 years,1,A91,A101,1,Real estate,46,A143,Rent,2,Skilled employee,1,A191,A201,2,1,Bad Credit
No checking account,24,Critical account / other credits,Radio/television,1516,>= 1000 DM,1-4 years,4,A92,A101,1,Real estate,43,A143,Own,2,Unskilled resident,1,A191,A201,1,0,Good Credit
No checking account,18,Existing credits paid back duly,Radio/television,1473,< 100 DM,< 1 year,3,A94,A101,4,Real estate,39,A143,Own,1,Skilled employee,1,A192,A201,1,0,Good Credit
0-200 DM,18,Critical account / other credits,Business,1887,Unknown / no savings,1-4 years,4,A94,A101,4,Real estate,28,A141,Own,2,Skilled employee,1,A191,A201,1,0,Good Credit
No checking account,24,Delay in past payments,Business,8648,< 100 DM,< 1 year,2,A93,A101,2,Car or other,27,A141,Own,2,Skilled employee,1,A192,A201,2,1,Bad Credit
No checking account,14,Delay in past payments,New car,802,< 100 DM,1-4 years,4,A93,A101,2,Car or other,27,A143,Own,2,Unskilled resident,1,A191,A201,1,0,Good Credit
0-200 DM,18,Delay in past payments,New car,2899,Unknown / no savings,>= 7 years,4,A93,A101,4,Car or other,43,A143,Own,1,Skilled employee,2,A191,A201,1,0,Good Credit
0-200 DM,24,Existing credits paid back duly,Radio/television,2039,< 100 DM,< 1 year,1,A94,A101,1,Savings/life insurance,22,A143,Own,1,Skilled employee,1,A192,A201,2,1,Bad Credit
No checking account,24,Critical account / other credits,Used car,2197,Unknown / no savings,4-7 years,4,A93,A101,4,Car or other,43,A143,Own,2,Skilled employee,2,A192,A201,1,0,Good Credit
< 0 DM,15,Existing credits paid back duly,Radio/television,1053,< 100 DM,< 1 year,4,A94,A101,2,Real estate,27,A143,Own,1,Skilled employee,1,A191,A202,1,0,Good Credit
No checking account,24,Existing credits paid back duly,Radio/television,3235,500-1000 DM,>= 7 years,3,A91,A101,2,Car or other,26,A143,Own,1,Management / self-employed,1,A192,A201,1,0,Good Credit
>= 200 DM,12,Critical account / other credits,New car,939,500-1000 DM,4-7 years,4,A94,A101,2,Real estate,28,A143,Own,3,Skilled employee,1,A192,A201,2,1,Bad Credit
0-200 DM,24,Existing credits paid back duly,Radio/television,1967,< 100 DM,>= 7 years,4,A92,A101,4,Car or other,20,A143,Own,1,Skilled employee,1,A192,A201,1,0,Good Credit
No checking account,33,Critical account / other credits,Used car,7253,< 100 DM,4-7 years,3,A93,A101,2,Car or other,35,A143,Own,2,Management / self-employed,1,A192,A201,1,0,Good Credit
No checking account,12,Critical account / other credits,Business,2292,< 100 DM,Unemployed,4,A93,A101,2,Car or other,42,A142,Own,2,Management / self-employed,1,A192,A201,2,1,Bad Credit
No checking account,10,Existing credits paid back duly,New car,1597,500-1000 DM,1-4 years,3,A93,A101,2,Unknown / no property,40,A143,Rent,1,Unskilled resident,2,A191,A202,1,0,Good Credit
< 0 DM,24,Existing credits paid back duly,New car,1381,Unknown / no savings,1-4 years,4,A92,A101,2,Savings/life insurance,35,A143,Own,1,Skilled employee,1,A191,A201,2,1,Bad Credit
No checking account,36,Critical account / other credits,Used car,5842,< 100 DM,>= 7 years,2,A93,A101,2,Savings/life insurance,35,A143,Own,2,Skilled employee,2,A192,A201,1,0,Good Credit
< 0 DM,12,Existing credits paid back duly,New car,2579,< 100 DM,< 1 year,4,A93,A101,1,Real estate,33,A143,Own,1,Unskilled resident,2,A191,A201,2,1,Bad Credit
< 0 DM,18,Delay in past payments,Education,8471,Unknown / no savings,1-4 years,1,A92,A101,2,Car or other,23,A143,Rent,2,Skilled employee,1,A192,A201,1,0,Good Credit
No checking account,21,Existing credits paid back duly,New car,2782,500-1000 DM,4-7 years,1,A92,A101,2,Car or other,31,A141,Own,1,Management / self-employed,1,A191,A201,1,0,Good Credit
0-200 DM,18,Existing credits paid back duly,New car,1042,Unknown / no savings,1-4 years,4,A92,A101,2,Savings/life insurance,33,A143,Own,1,Skilled employee,1,A191,A201,2,1,Bad Credit
No checking account,15,Existing credits paid back duly,New car,3186,>= 1000 DM,4-7 years,2,A92,A101,3,Car or other,20,A143,Rent,1,Skilled employee,1,A191,A201,1,0,Good Credit
0-200 DM,12,Existing credits paid back duly,Used car,2028,Unknown / no savings,1-4 years,4,A93,A101,2,Car or other,30,A143,Own,1,Skilled employee,1,A191,A201,1,0,Good Credit
0-200 DM,12,Critical account / other credits,New car,958,< 100 DM,4-7 years,2,A93,A101,3,Real estate,47,A143,Own,2,Unskilled resident,2,A191,A201,1,0,Good Credit
No checking account,21,Delay in past payments,Furniture/equipment,1591,100-500 DM,4-7 years,4,A93,A101,3,Real estate,34,A143,Own,2,Management / self-employed,1,A191,A201,1,0,Good Credit
0-200 DM,12,Existing credits paid back duly,Furniture/equipment,2762,Unknown / no savings,>= 7 years,1,A92,A101,2,Savings/life insurance,25,A141,Own,1,Skilled employee,1,A192,A201,2,1,Bad Credit
0-200 DM,18,Existing credits paid back duly,Used car,2779,< 100 DM,1-4 years,1,A94,A101,3,Car or other,21,A143,Rent,1,Skilled employee,1,A192,A201,1,0,Good Credit
No checking account,28,Critical account / other credits,Radio/television,2743,< 100 DM,>= 7 years,4,A93,A101,2,Car or other,29,A143,Own,2,Skilled employee,1,A191,A201,1,0,Good Credit
No checking account,18,Critical account / other credits,Radio/television,1149,>= 1000 DM,1-4 years,4,A93,A101,3,Real estate,46,A143,Own,2,Skilled employee,1,A191,A201,1,0,Good Credit
No checking account,9,Existing credits paid back duly,Furniture/equipment,1313,< 100 DM,>= 7 years,1,A93,A101,4,Car or other,20,A143,Own,1,Skilled employee,1,A191,A201,1,0,Good Credit
< 0 DM,18,Critical account / other credits,Repairs,1190,< 100 DM,Unemployed,2,A92,A101,4,Unknown / no property,55,A143,Free,3,Unemployed / unskilled non-resident,2,A191,A201,2,1,Bad Credit
No checking account,5,Existing credits paid back duly,Business,3448,< 100 DM,4-7 years,1,A93,A101,4,Real estate,74,A143,Own,1,Unskilled resident,1,A191,A201,1,0,Good Credit
0-200 DM,24,Existing credits paid back duly,Other,11328,< 100 DM,1-4 years,2,A93,A102,3,Car or other,29,A141,Own,2,Management / self-employed,1,A192,A201,2,1,Bad Credit
< 0 DM,6,Critical account / other credits,Furniture/equipment,1872,< 100 DM,Unemployed,4,A93,A101,4,Unknown / no property,36,A143,Free,3,Management / self-employed,1,A192,A201,1,0,Good Credit
No checking account,24,Critical account / other credits,Repairs,2058,< 100 DM,1-4 years,4,A91,A101,2,Real estate,33,A143,Own,2,Skilled employee,1,A192,A201,1,0,Good Credit
< 0 DM,9,Existing credits paid back duly,Furniture/equipment,2136,< 100 DM,1-4 years,3,A93,A101,2,Real estate,25,A143,Own,1,Skilled employee,1,A191,A201,1,0,Good Credit
0-200 DM,12,Existing credits paid back duly,Radio/television,1484,Unknown / no savings,1-4 years,2,A94,A101,1,Real estate,25,A143,Own,1,Skilled employee,1,A192,A201,2,1,Bad Credit
No checking account,6,Existing credits paid back duly,Repairs,660,500-1000 DM,4-7 years,2,A94,A101,4,Real estate,23,A143,Rent,1,Unskilled resident,1,A191,A201,1,0,Good Credit
No checking account,24,Critical account / other credits,New car,1287,>= 1000 DM,>= 7 years,4,A92,A101,4,Real estate,37,A143,Own,2,Skilled employee,1,A192,A201,1,0,Good Credit
< 0 DM,42,Critical account / other credits,Repairs,3394,< 100 DM,Unemployed,4,A93,A102,4,Car or other,65,A143,Own,2,Unemployed / unskilled non-resident,1,A191,A201,1,0,Good Credit
>= 200 DM,12,All credits at this bank paid back,Business,609,< 100 DM,< 1 year,4,A92,A101,1,Real estate,26,A143,Own,1,Unemployed / unskilled non-resident,1,A191,A201,2,1,Bad Credit
No checking account,12,Existing credits paid back duly,New car,1884,< 100 DM,>= 7 years,4,A93,A101,4,Car or other,39,A143,Own,1,Management / self-employed,1,A192,A201,1,0,Good Credit
< 0 DM,12,Existing credits paid back duly,Furniture/equipment,1620,< 100 DM,1-4 years,2,A92,A102,3,Savings/life insurance,30,A143,Own,1,Skilled employee,1,A191,A201,1,0,Good Credit
0-200 DM,20,Delay in past payments,Other,2629,< 100 DM,1-4 years,2,A93,A101,3,Car or other,29,A141,Own,2,Skilled employee,1,A192,A201,1,0,Good Credit
No checking account,12,Existing credits paid back duly,Education,719,< 100 DM,>= 7 years,4,A93,A101,4,Car or other,41,A141,Own,1,Unskilled resident,2,A191,A201,2,1,Bad Credit
0-200 DM,48,Critical account / other credits,Furniture/equipment,5096,< 100 DM,1-4 years,2,A92,A101,3,Car or other,30,A143,Own,1,Management / self-employed,1,A192,A201,2,1,Bad Credit
No checking account,9,Critical account / other credits,Education,1244,Unknown / no savings,>= 7 years,4,A92,A101,4,Savings/life insurance,41,A143,Rent,2,Unskilled resident,1,A191,A201,1,0,Good Credit
< 0 DM,36,Existing credits paid back duly,New car,1842,< 100 DM,< 1 year,4,A92,A101,4,Car or other,34,A143,Own,1,Skilled employee,1,A192,A201,2,1,Bad Credit
0-200 DM,7,Existing credits paid back duly,Radio/television,2576,< 100 DM,1-4 years,2,A93,A103,2,Real estate,35,A143,Own,1,Skilled employee,1,A191,A201,1,0,Good Credit
>= 200 DM,12,Existing credits paid back duly,Furniture/equipment,1424,Unknown / no savings,>= 7 years,3,A92,A101,4,Real estate,55,A143,Own,1,Management / self-employed,1,A192,A201,1,0,Good Credit
0-200 DM,15,Delay in past payments,Repairs,1512,>= 1000 DM,1-4 years,3,A94,A101,3,Savings/life insurance,61,A142,Own,2,Skilled employee,1,A191,A201,2,1,Bad Credit
No checking account,36,Critical account / other credits,Used car,11054,Unknown / no savings,1-4 years,4,A93,A101,2,Car or other,30,A143,Own,1,Management / self-employed,1,A192,A201,1,0,Good Credit
No checking account,6,Existing credits paid back duly,Radio/television,518,< 100 DM,1-4 years,3,A92,A101,1,Real estate,29,A143,Own,1,Skilled employee,1,A191,A201,1,0,Good Credit
No checking account,12,No credits / paid back duly,Furniture/equipment,2759,< 100 DM,>= 7 years,2,A93,A101,4,Savings/life insurance,34,A143,Own,2,Skilled employee,1,A191,A201,1,0,Good Credit
No checking account,24,Existing credits paid back duly,Used car,2670,< 100 DM,>= 7 years,4,A93,A101,4,Car or other,35,A143,Own,1,Management / self-employed,1,A192,A201,1,0,Good Credit
< 0 DM,24,Existing credits paid back duly,New car,4817,< 100 DM,4-7 years,2,A93,A102,3,Savings/life insurance,31,A143,Own,1,Skilled employee,1,A192,A201,2,1,Bad Credit
No checking account,24,Existing credits paid back duly,Used car,2679,< 100 DM,< 1 year,4,A92,A101,1,Unknown / no property,29,A143,Own,1,Management / self-employed,1,A192,A201,1,0,Good Credit
< 0 DM,11,Critical account / other credits,New car,3905,< 100 DM,1-4 years,2,A93,A101,2,Real estate,36,A143,Rent,2,Skilled employee,2,A191,A201,1,0,Good Credit
< 0 DM,12,Existing credits paid back duly,Used car,3386,< 100 DM,>= 7 years,3,A93,A101,4,Unknown / no property,35,A143,Free,1,Skilled employee,1,A192,A201,2,1,Bad Credit
< 0 DM,6,Existing credits paid back duly,Domestic appliances,343,< 100 DM,< 1 year,4,A92,A101,1,Real estate,27,A143,Own,1,Skilled employee,1,A191,A201,1,0,Good Credit
No checking account,18,Existing credits paid back duly,Radio/television,4594,< 100 DM,< 1 year,3,A93,A101,2,Car or other,32,A143,Own,1,Skilled employee,1,A192,A201,1,0,Good Credit
< 0 DM,36,Existing credits paid back duly,Furniture/equipment,3620,< 100 DM,1-4 years,1,A93,A103,2,Savings/life insurance,37,A143,Own,1,Skilled employee,2,A191,A201,1,0,Good Credit
< 0 DM,15,Existing credits paid back duly,New car,1721,< 100 DM,< 1 year,2,A93,A101,3,Real estate,36,A143,Own,1,Skilled employee,1,A191,A201,1,0,Good Credit
0-200 DM,12,Existing credits paid back duly,Furniture/equipment,3017,< 100 DM,< 1 year,3,A92,A101,1,Real estate,34,A143,Rent,1,Management / self-employed,1,A191,A201,1,0,Good Credit
0-200 DM,12,Existing credits paid back duly,Retraining,754,Unknown / no savings,>= 7 years,4,A93,A101,4,Savings/life insurance,38,A143,Own,2,Skilled employee,1,A191,A201,1,0,Good Credit
No checking account,18,Existing credits paid back duly,Business,1950,< 100 DM,4-7 years,4,A93,A101,1,Car or other,34,A142,Own,2,Skilled employee,1,A192,A201,1,0,Good Credit
< 0 DM,24,Existing credits paid back duly,Used car,2924,< 100 DM,1-4 years,3,A93,A103,4,Unknown / no property,63,A141,Own,1,Skilled employee,2,A192,A201,1,0,Good Credit
< 0 DM,24,Delay in past payments,Radio/television,1659,< 100 DM,< 1 year,4,A92,A101,2,Car or other,29,A143,Rent,1,Unskilled resident,1,A192,A201,2,1,Bad Credit
No checking account,48,Delay in past payments,Radio/television,7238,Unknown / no savings,>= 7 years,3,A93,A101,3,Car or other,32,A141,Own,2,Skilled employee,2,A191,A201,1,0,Good Credit
No checking account,33,Delay in past payments,Business,2764,< 100 DM,1-4 years,2,A92,A101,2,Car or other,26,A143,Own,2,Skilled employee,1,A192,A201,1,0,Good Credit
No checking account,24,Delay in past payments,Used car,4679,< 100 DM,4-7 years,3,A93,A101,3,Car or other,35,A143,Own,2,Unskilled resident,1,A192,A201,1,0,Good Credit
0-200 DM,24,Existing credits paid back duly,Radio/television,3092,100-500 DM,< 1 year,3,A94,A101,2,Car or other,22,A143,Rent,1,Skilled employee,1,A192,A201,2,1,Bad Credit
< 0 DM,6,Existing credits paid back duly,Education,448,< 100 DM,< 1 year,4,A92,A101,4,Savings/life insurance,23,A143,Own,1,Skilled employee,1,A191,A201,2,1,Bad Credit
< 0 DM,9,Existing credits paid back duly,New car,654,< 100 DM,1-4 years,4,A93,A101,3,Car or other,28,A143,Own,1,Unskilled resident,1,A191,A201,2,1,Bad Credit
No checking account,6,Existing credits paid back duly,Retraining,1238,Unknown / no savings,Unemployed,4,A93,A101,4,Savings/life insurance,36,A143,Own,1,Management / self-employed,2,A192,A201,1,0,Good Credit
0-200 DM,18,Critical account / other credits,Radio/television,1245,< 100 DM,1-4 years,4,A94,A101,2,Car or other,33,A143,Own,1,Skilled employee,1,A191,A201,2,1,Bad Credit
< 0 DM,18,No credits / paid back duly,Furniture/equipment,3114,< 100 DM,< 1 year,1,A92,A101,4,Savings/life insurance,26,A143,Rent,1,Skilled employee,1,A191,A201,2,1,Bad Credit
No checking account,39,Existing credits paid back duly,Used car,2569,500-1000 DM,1-4 years,4,A93,A101,4,Car or other,24,A143,Own,1,Skilled employee,1,A191,A201,1,0,Good Credit
>= 200 DM,24,Existing credits paid back duly,Radio/television,5152,< 100 DM,4-7 years,4,A93,A101,2,Car or other,25,A141,Own,1,Skilled employee,1,A191,A201,1,0,Good Credit
0-200 DM,12,Existing credits paid back duly,Business,1037,100-500 DM,4-7 years,3,A93,A101,4,Real estate,39,A143,Own,1,Unskilled resident,1,A191,A201,1,0,Good Credit
< 0 DM,15,Critical account / other credits,Furniture/equipment,1478,< 100 DM,>= 7 years,4,A93,A101,4,Car or other,44,A143,Own,2,Skilled employee,2,A192,A201,1,0,Good Credit
0-200 DM,12,Critical account / other credits,Radio/television,3573,< 100 DM,1-4 years,1,A92,A101,1,Real estate,23,A143,Own,1,Unskilled resident,1,A191,A201,1,0,Good Credit
0-200 DM,24,Existing credits paid back duly,New car,1201,< 100 DM,< 1 year,4,A93,A101,1,Savings/life insurance,26,A143,Own,1,Skilled employee,1,A191,A201,1,0,Good Credit
< 0 DM,30,Existing credits paid back duly,Furniture/equipment,3622,>= 1000 DM,>= 7 years,4,A92,A101,4,Savings/life insurance,57,A143,Rent,2,Skilled employee,1,A192,A201,1,0,Good Credit
No checking account,15,Delay in past payments,Furniture/equipment,960,>= 1000 DM,4-7 years,3,A92,A101,2,Savings/life insurance,30,A143,Own,2,Skilled employee,1,A191,A201,1,0,Good Credit
No checking account,12,Critical account / other credits,New car,1163,500-1000 DM,1-4 years,4,A93,A101,4,Real estate,44,A143,Own,1,Skilled employee,1,A192,A201,1,0,Good Credit
0-200 DM,6,Delay in past payments,New car,1209,< 100 DM,Unemployed,4,A93,A101,4,Savings/life insurance,47,A143,Own,1,Management / self-employed,1,A192,A201,2,1,Bad Credit
No checking account,12,Existing credits paid back duly,Radio/television,3077,< 100 DM,1-4 years,2,A93,A101,4,Car or other,52,A143,Own,1,Skilled employee,1,A192,A201,1,0,Good Credit
No checking account,24,Existing credits paid back duly,New car,3757,< 100 DM,>= 7 years,4,A92,A102,4,Unknown / no property,62,A143,Free,1,Skilled employee,1,A192,A201,1,0,Good Credit
No checking account,10,Existing credits paid back duly,New car,1418,100-500 DM,1-4 years,3,A93,A101,2,Real estate,35,A143,Rent,1,Unskilled resident,1,A191,A202,1,0,Good Credit
No checking account,6,Existing credits paid back duly,New car,3518,< 100 DM,1-4 years,2,A93,A103,3,Savings/life insurance,26,A143,Rent,1,Skilled employee,1,A191,A201,1,0,Good Credit
No checking account,12,Critical account / other credits,Radio/television,1934,< 100 DM,>= 7 years,2,A93,A101,2,Unknown / no property,26,A143,Own,2,Skilled employee,1,A191,A201,1,0,Good Credit
0-200 DM,27,No credits / paid back duly,Business,8318,< 100 DM,>= 7 years,2,A92,A101,4,Unknown / no property,42,A143,Free,2,Management / self-employed,1,A192,A201,2,1,Bad Credit
No checking account,6,Critical account / other credits,Radio/television,1237,100-500 DM,1-4 years,1,A92,A101,1,Savings/life insurance,27,A143,Own,2,Skilled employee,1,A191,A201,1,0,Good Credit
0-200 DM,6,Existing credits paid back duly,Radio/television,368,Unknown / no savings,>= 7 years,4,A93,A101,4,Savings/life insurance,38,A143,Own,1,Skilled employee,1,A191,A201,1,0,Good Credit
< 0 DM,12,Critical account / other credits,New car,2122,< 100 DM,1-4 years,3,A93,A101,2,Real estate,39,A143,Rent,2,Unskilled resident,2,A191,A202,1,0,Good Credit
< 0 DM,24,Existing credits paid back duly,Furniture/equipment,2996,Unknown / no savings,1-4 years,2,A94,A101,4,Car or other,20,A143,Own,1,Skilled employee,1,A191,A201,2,1,Bad Credit
0-200 DM,36,Existing credits paid back duly,Furniture/equipment,9034,100-500 DM,< 1 year,4,A93,A102,1,Unknown / no property,29,A143,Rent,1,Management / self-employed,1,A192,A201,2,1,Bad Credit
No checking account,24,Critical account / other credits,Furniture/equipment,1585,< 100 DM,4-7 years,4,A93,A101,3,Savings/life insurance,40,A143,Own,2,Skilled employee,1,A191,A201,1,0,Good Credit
0-200 DM,18,Existing credits paid back duly,Radio/television,1301,< 100 DM,>= 7 years,4,A94,A103,2,Real estate,32,A143,Own,1,Unskilled resident,1,A191,A201,1,0,Good Credit
>= 200 DM,6,Critical account / other credits,New car,1323,100-500 DM,>= 7 years,2,A91,A101,4,Car or other,28,A143,Own,2,Skilled employee,2,A192,A201,1,0,Good Credit
< 0 DM,24,Existing credits paid back duly,New car,3123,< 100 DM,< 1 year,4,A92,A101,1,Savings/life insurance,27,A143,Own,1,Skilled employee,1,A191,A201,2,1,Bad Credit
< 0 DM,36,Existing credits paid back duly,Used car,5493,< 100 DM,>= 7 years,2,A93,A101,4,Unknown / no property,42,A143,Free,1,Skilled employee,2,A191,A201,1,0,Good Credit
>= 200 DM,9,Existing credits paid back duly,Radio/television,1126,100-500 DM,>= 7 years,2,A91,A101,4,Real estate,49,A143,Own,1,Skilled employee,1,A191,A201,1,0,Good Credit
0-200 DM,24,Critical account / other credits,Radio/television,1216,100-500 DM,< 1 year,4,A93,A101,4,Unknown / no property,38,A141,Own,2,Skilled employee,2,A191,A201,2,1,Bad Credit
< 0 DM,24,Existing credits paid back duly,New car,1207,< 100 DM,< 1 year,4,A92,A101,4,Savings/life insurance,24,A143,Rent,1,Skilled employee,1,A191,A201,2,1,Bad Credit
No checking account,10,Existing credits paid back duly,New car,1309,Unknown / no savings,1-4 years,4,A93,A103,4,Savings/life insurance,27,A143,Own,1,Unskilled resident,1,A191,A201,2,1,Bad Credit
>= 200 DM,15,Critical account / other credits,Used car,2360,500-1000 DM,1-4 years,2,A93,A101,2,Car or other,36,A143,Own,1,Skilled employee,1,A192,A201,1,0,Good Credit
0-200 DM,15,All credits at this bank paid back,New car,6850,100-500 DM,Unemployed,1,A93,A101,2,Savings/life insurance,34,A143,Own,1,Management / self-employed,2,A192,A201,2,1,Bad Credit
No checking account,24,Existing credits paid back duly,Radio/television,1413,< 100 DM,1-4 years,4,A94,A101,2,Savings/life insurance,28,A143,Own,1,Skilled employee,1,A191,A201,1,0,Good Credit
No checking account,39,Existing credits paid back duly,Used car,8588,100-500 DM,>= 7 years,4,A93,A101,2,Car or other,45,A143,Own,1,Management / self-employed,1,A192,A201,1,0,Good Credit
< 0 DM,12,Existing credits paid back duly,New car,759,< 100 DM,4-7 years,4,A93,A101,2,Real estate,26,A143,Own,1,Skilled employee,1,A191,A201,2,1,Bad Credit
No checking account,36,Existing credits paid back duly,Used car,4686,< 100 DM,1-4 years,2,A93,A101,2,Unknown / no property,32,A143,Free,1,Management / self-employed,1,A192,A201,1,0,Good Credit
>= 200 DM,15,Existing credits paid back duly,Business,2687,< 100 DM,4-7 years,2,A93,A101,4,Savings/life insurance,26,A143,Rent,1,Skilled employee,1,A192,A201,1,0,Good Credit
0-200 DM,12,Delay in past payments,Radio/television,585,< 100 DM,1-4 years,4,A94,A102,4,Real estate,20,A143,Rent,2,Skilled employee,1,A191,A201,1,0,Good Credit
No checking account,24,Existing credits paid back duly,New car,2255,Unknown / no savings,< 1 year,4,A93,A101,1,Savings/life insurance,54,A143,Own,1,Skilled employee,1,A191,A201,1,0,Good Credit
< 0 DM,6,Critical account / other credits,New car,609,< 100 DM,4-7 years,4,A92,A101,3,Savings/life insurance,37,A143,Own,2,Skilled employee,1,A191,A202,1,0,Good Credit
< 0 DM,6,Critical account / other credits,New car,1361,< 100 DM,< 1 year,2,A93,A101,4,Real estate,40,A143,Own,1,Unskilled resident,2,A191,A202,1,0,Good Credit
No checking account,36,Critical account / other credits,Furniture/equipment,7127,< 100 DM,< 1 year,2,A92,A101,4,Savings/life insurance,23,A143,Rent,2,Skilled employee,1,A192,A201,2,1,Bad Credit
< 0 DM,6,Existing credits paid back duly,New car,1203,100-500 DM,>= 7 years,3,A93,A101,2,Savings/life insurance,43,A143,Own,1,Skilled employee,1,A192,A201,1,0,Good Credit
No checking account,6,Critical account / other credits,Radio/television,700,Unknown / no savings,>= 7 years,4,A93,A101,4,Unknown / no property,36,A143,Free,2,Skilled employee,1,A191,A201,1,0,Good Credit
No checking account,24,Critical account / other credits,Repairs,5507,< 100 DM,>= 7 years,3,A93,A101,4,Unknown / no property,44,A143,Free,2,Skilled employee,1,A191,A201,1,0,Good Credit
< 0 DM,18,Existing credits paid back duly,Radio/television,3190,< 100 DM,1-4 years,2,A92,A101,2,Real estate,24,A143,Own,1,Skilled employee,1,A191,A201,2,1,Bad Credit
< 0 DM,48,No credits / paid back duly,Furniture/equipment,7119,< 100 DM,1-4 years,3,A93,A101,4,Unknown / no property,53,A143,Free,2,Skilled employee,2,A191,A201,2,1,Bad Credit
No checking account,24,Existing credits paid back duly,Used car,3488,100-500 DM,4-7 years,3,A92,A101,4,Car or other,23,A143,Own,1,Skilled employee,1,A191,A201,1,0,Good Credit
0-200 DM,18,Existing credits paid back duly,Radio/television,1113,< 100 DM,1-4 years,4,A92,A103,4,Real estate,26,A143,Own,1,Unskilled resident,2,A191,A201,1,0,Good Credit
0-200 DM,26,Existing credits paid back duly,Used car,7966,< 100 DM,< 1 year,2,A93,A101,3,Car or other,30,A143,Own,2,Skilled employee,1,A191,A201,1,0,Good Credit
No checking account,15,Critical account / other credits,Education,1532,100-500 DM,1-4 years,4,A92,A101,3,Car or other,31,A143,Own,1,Skilled employee,1,A191,A201,1,0,Good Credit
No checking account,4,Critical account / other credits,Radio/television,1503,< 100 DM,4-7 years,2,A93,A101,1,Real estate,42,A143,Own,2,Unskilled resident,2,A191,A201,1,0,Good Credit
< 0 DM,36,Existing credits paid back duly,Radio/television,2302,< 100 DM,1-4 years,4,A91,A101,4,Car or other,31,A143,Rent,1,Skilled employee,1,A191,A201,2,1,Bad Credit
< 0 DM,6,Existing credits paid back duly,New car,662,< 100 DM,< 1 year,3,A93,A101,4,Real estate,41,A143,Own,1,Unskilled resident,2,A192,A201,1,0,Good Credit
0-200 DM,36,Existing credits paid back duly,Education,2273,< 100 DM,4-7 years,3,A93,A101,1,Car or other,32,A143,Own,2,Skilled employee,2,A191,A201,1,0,Good Credit
0-200 DM,15,Existing credits paid back duly,New car,2631,100-500 DM,1-4 years,2,A92,A101,4,Car or other,28,A143,Rent,2,Skilled employee,1,A192,A201,2,1,Bad Credit
No checking account,12,Delay in past payments,Used car,1503,< 100 DM,1-4 years,4,A94,A101,4,Real estate,41,A143,Rent,1,Skilled employee,1,A191,A201,1,0,Good Credit
No checking account,24,Existing credits paid back duly,Radio/television,1311,100-500 DM,4-7 years,4,A94,A101,3,Savings/life insurance,26,A143,Own,1,Skilled employee,1,A192,A201,1,0,Good Credit
No checking account,24,Existing credits paid back duly,Radio/television,3105,Unknown / no savings,< 1 year,4,A93,A101,2,Car or other,25,A143,Own,2,Skilled employee,1,A191,A201,1,0,Good Credit
>= 200 DM,21,Critical account / other credits,Education,2319,< 100 DM,< 1 year,2,A91,A101,1,Car or other,33,A143,Rent,1,Skilled employee,1,A191,A201,2,1,Bad Credit
< 0 DM,6,Existing credits paid back duly,New car,1374,Unknown / no savings,Unemployed,4,A92,A101,3,Savings/life insurance,75,A143,Own,1,Management / self-employed,1,A192,A201,1,0,Good Credit
0-200 DM,18,Critical account / other credits,Furniture/equipment,3612,< 100 DM,>= 7 years,3,A92,A101,4,Savings/life insurance,37,A143,Own,1,Skilled employee,1,A192,A201,1,0,Good Credit
< 0 DM,48,Existing credits paid back duly,New car,7763,< 100 DM,>= 7 years,4,A93,A101,4,Unknown / no property,42,A141,Free,1,Management / self-employed,1,A191,A201,2,1,Bad Credit
>= 200 DM,18,Existing credits paid back duly,Furniture/equipment,3049,< 100 DM,< 1 year,1,A92,A101,1,Savings/life insurance,45,A142,Own,1,Unskilled resident,1,A191,A201,1,0,Good Credit
0-200 DM,12,Existing credits paid back duly,Radio/television,1534,< 100 DM,< 1 year,1,A94,A101,1,Real estate,23,A143,Rent,1,Skilled employee,1,A191,A201,2,1,Bad Credit
No checking account,24,Delay in past payments,New car,2032,< 100 DM,>= 7 years,4,A93,A101,4,Unknown / no property,60,A143,Free,2,Skilled employee,1,A192,A201,1,0,Good Credit
< 0 DM,30,Existing credits paid back duly,Furniture/equipment,6350,Unknown / no savings,>= 7 years,4,A93,A101,4,Savings/life insurance,31,A143,Own,1,Skilled employee,1,A191,A201,2,1,Bad Credit
>= 200 DM,18,Existing credits paid back duly,Furniture/equipment,2864,< 100 DM,1-4 years,2,A93,A101,1,Real estate,34,A143,Own,1,Unskilled resident,2,A191,A201,2,1,Bad Credit
No checking account,12,Critical account / other credits,New car,1255,< 100 DM,>= 7 years,4,A93,A101,4,Real estate,61,A143,Own,2,Unskilled resident,1,A191,A201,1,0,Good Credit
< 0 DM,24,Delay in past payments,New car,1333,< 100 DM,Unemployed,4,A93,A101,2,Real estate,43,A143,Free,2,Skilled employee,2,A191,A201,2,1,Bad Credit
No checking account,24,Critical account / other credits,New car,2022,< 100 DM,1-4 years,4,A92,A101,4,Car or other,37,A143,Own,1,Skilled employee,1,A192,A201,1,0,Good Credit
No checking account,24,Existing credits paid back duly,Radio/television,1552,< 100 DM,4-7 years,3,A93,A101,1,Car or other,32,A141,Own,1,Skilled employee,2,A191,A201,1,0,Good Credit
< 0 DM,12,All credits at this bank paid back,Radio/television,626,< 100 DM,1-4 years,4,A92,A101,4,Real estate,24,A141,Own,1,Unskilled resident,1,A191,A201,2,1,Bad Credit
No checking account,48,Critical account / other credits,Used car,8858,Unknown / no savings,4-7 years,2,A93,A101,1,Unknown / no property,35,A143,Free,2,Skilled employee,1,A192,A201,1,0,Good Credit
No checking account,12,Critical account / other credits,Repairs,996,Unknown / no savings,4-7 years,4,A92,A101,4,Real estate,23,A143,Own,2,Skilled employee,1,A191,A201,1,0,Good Credit
No checking account,6,All credits at this bank paid back,Radio/television,1750,500-1000 DM,>= 7 years,2,A93,A101,4,Savings/life insurance,45,A141,Own,1,Unskilled resident,2,A191,A201,1,0,Good Credit
< 0 DM,48,Existing credits paid back duly,Radio/television,6999,< 100 DM,4-7 years,1,A94,A103,1,Real estate,34,A143,Own,2,Skilled employee,1,A192,A201,2,1,Bad Credit
0-200 DM,12,Critical account / other credits,New car,1995,100-500 DM,< 1 year,4,A93,A101,1,Car or other,27,A143,Own,1,Skilled employee,1,A191,A201,1,0,Good Credit
0-200 DM,9,Existing credits paid back duly,Education,1199,< 100 DM,4-7 years,4,A92,A101,4,Savings/life insurance,67,A143,Own,2,Management / self-employed,1,A192,A201,1,0,Good Credit
0-200 DM,12,Existing credits paid back duly,Radio/television,1331,< 100 DM,< 1 year,2,A93,A101,1,Car or other,22,A142,Own,1,Skilled employee,1,A191,A201,2,1,Bad Credit
0-200 DM,18,No credits / paid back duly,New car,2278,100-500 DM,< 1 year,3,A92,A101,3,Car or other,28,A143,Own,2,Skilled employee,1,A191,A201,2,1,Bad Credit
No checking account,21,No credits / paid back duly,New car,5003,Unknown / no savings,1-4 years,1,A92,A101,4,Savings/life insurance,29,A141,Own,2,Skilled employee,1,A192,A201,2,1,Bad Credit
< 0 DM,24,All credits at this bank paid back,Furniture/equipment,3552,< 100 DM,4-7 years,3,A93,A101,4,Car or other,27,A141,Own,1,Skilled employee,1,A191,A201,2,1,Bad Credit
0-200 DM,18,Critical account / other credits,Furniture/equipment,1928,< 100 DM,< 1 year,2,A93,A101,2,Real estate,31,A143,Own,2,Unskilled resident,1,A191,A201,2,1,Bad Credit
< 0 DM,24,Existing credits paid back duly,Used car,2964,Unknown / no savings,>= 7 years,4,A93,A101,4,Unknown / no property,49,A141,Free,1,Skilled employee,2,A192,A201,1,0,Good Credit
< 0 DM,24,All credits at this bank paid back,Radio/television,1546,< 100 DM,4-7 years,4,A93,A103,4,Car or other,24,A141,Rent,1,Unskilled resident,1,A191,A201,2,1,Bad Credit
>= 200 DM,6,Delay in past payments,Radio/television,683,< 100 DM,< 1 year,2,A92,A101,1,Savings/life insurance,29,A141,Own,1,Skilled employee,1,A191,A201,1,0,Good Credit
0-200 DM,36,Existing credits paid back duly,New car,12389,Unknown / no savings,1-4 years,1,A93,A101,4,Unknown / no property,37,A143,Free,1,Skilled employee,1,A192,A201,2,1,Bad Credit
0-200 DM,24,Delay in past payments,Business,4712,Unknown / no savings,1-4 years,4,A93,A101,2,Savings/life insurance,37,A141,Own,2,Management / self-employed,1,A192,A201,1,0,Good Credit
0-200 DM,24,Delay in past payments,Radio/television,1553,100-500 DM,4-7 years,3,A92,A101,2,Savings/life insurance,23,A143,Rent,2,Skilled employee,1,A192,A201,1,0,Good Credit
< 0 DM,12,Existing credits paid back duly,New car,1372,< 100 DM,4-7 years,2,A91,A101,3,Car or other,36,A143,Own,1,Skilled employee,1,A191,A201,2,1,Bad Credit
No checking account,24,Critical account / other credits,Radio/television,2578,>= 1000 DM,>= 7 years,2,A93,A101,2,Car or other,34,A143,Own,1,Skilled employee,1,A191,A201,1,0,Good Credit
0-200 DM,48,Existing credits paid back duly,Radio/television,3979,Unknown / no savings,4-7 years,4,A93,A101,1,Car or other,41,A143,Own,2,Skilled employee,2,A192,A201,1,0,Good Credit
< 0 DM,48,Existing credits paid back duly,Radio/television,6758,< 100 DM,1-4 years,3,A92,A101,2,Car or other,31,A143,Own,1,Skilled employee,1,A192,A201,2,1,Bad Credit
< 0 DM,24,Existing credits paid back duly,Furniture/equipment,3234,< 100 DM,< 1 year,4,A92,A101,4,Real estate,23,A143,Rent,1,Unskilled resident,1,A192,A201,2,1,Bad Credit
No checking account,30,Critical account / other credits,Radio/television,5954,< 100 DM,4-7 years,3,A93,A102,2,Car or other,38,A143,Own,1,Skilled employee,1,A191,A201,1,0,Good Credit
No checking account,24,Existing credits paid back duly,Used car,5433,Unknown / no savings,Unemployed,2,A92,A101,4,Savings/life insurance,26,A143,Rent,1,Management / self-employed,1,A192,A201,1,0,Good Credit
< 0 DM,15,Existing credits paid back duly,Business,806,< 100 DM,1-4 years,4,A92,A101,4,Savings/life insurance,22,A143,Own,1,Unskilled resident,1,A191,A201,1,0,Good Credit
0-200 DM,9,Existing credits paid back duly,Radio/television,1082,< 100 DM,>= 7 years,4,A93,A101,4,Car or other,27,A143,Own,2,Unskilled resident,1,A191,A201,1,0,Good Credit
No checking account,15,Critical account / other credits,Furniture/equipment,2788,< 100 DM,4-7 years,2,A92,A102,3,Car or other,24,A141,Own,2,Skilled employee,1,A191,A201,1,0,Good Credit
0-200 DM,12,Existing credits paid back duly,Radio/television,2930,< 100 DM,4-7 years,2,A92,A101,1,Real estate,27,A143,Own,1,Skilled employee,1,A191,A201,1,0,Good Credit
No checking account,24,Critical account / other credits,Education,1927,Unknown / no savings,1-4 years,3,A92,A101,2,Car or other,33,A143,Own,2,Skilled employee,1,A192,A201,1,0,Good Credit
0-200 DM,36,Critical account / other credits,New car,2820,< 100 DM,< 1 year,4,A91,A101,4,Car or other,27,A143,Own,2,Skilled employee,1,A191,A201,2,1,Bad Credit
No checking account,24,Existing credits paid back duly,Retraining,937,< 100 DM,< 1 year,4,A94,A101,3,Car or other,27,A143,Own,2,Unskilled resident,1,A191,A201,1,0,Good Credit
0-200 DM,18,Critical account / other credits,New car,1056,< 100 DM,>= 7 years,3,A93,A103,3,Real estate,30,A141,Own,2,Skilled employee,1,A191,A201,2,1,Bad Credit
0-200 DM,12,Critical account / other credits,New car,3124,< 100 DM,< 1 year,1,A93,A101,3,Real estate,49,A141,Own,2,Unskilled resident,2,A191,A201,1,0,Good Credit
No checking account,9,Existing credits paid back duly,Furniture/equipment,1388,< 100 DM,1-4 years,4,A92,A101,2,Real estate,26,A143,Rent,1,Skilled employee,1,A191,A201,1,0,Good Credit
0-200 DM,36,Existing credits paid back duly,Repairs,2384,< 100 DM,< 1 year,4,A93,A101,1,Unknown / no property,33,A143,Rent,1,Unskilled resident,1,A191,A201,2,1,Bad Credit
No checking account,12,Existing credits paid back duly,New car,2133,Unknown / no savings,>= 7 years,4,A92,A101,4,Unknown / no property,52,A143,Free,1,Management / self-employed,1,A192,A201,1,0,Good Credit
< 0 DM,18,Existing credits paid back duly,Furniture/equipment,2039,< 100 DM,1-4 years,1,A92,A101,4,Real estate,20,A141,Rent,1,Skilled employee,1,A191,A201,2,1,Bad Credit
< 0 DM,9,Critical account / other credits,New car,2799,< 100 DM,1-4 years,2,A93,A101,2,Real estate,36,A143,Rent,2,Skilled employee,2,A191,A201,1,0,Good Credit
< 0 DM,12,Existing credits paid back duly,Furniture/equipment,1289,< 100 DM,1-4 years,4,A93,A103,1,Savings/life insurance,21,A143,Own,1,Unskilled resident,1,A191,A201,1,0,Good Credit
< 0 DM,18,Existing credits paid back duly,Domestic appliances,1217,< 100 DM,1-4 years,4,A94,A101,3,Real estate,47,A143,Own,1,Unskilled resident,1,A192,A201,2,1,Bad Credit
< 0 DM,12,Critical account / other credits,Furniture/equipment,2246,< 100 DM,>= 7 years,3,A93,A101,3,Savings/life insurance,60,A143,Own,2,Skilled employee,1,A191,A201,2,1,Bad Credit
< 0 DM,12,Critical account / other credits,Radio/television,385,< 100 DM,4-7 years,4,A92,A101,3,Real estate,58,A143,Own,4,Unskilled resident,1,A192,A201,1,0,Good Credit
0-200 DM,24,Delay in past payments,New car,1965,Unknown / no savings,1-4 years,4,A92,A101,4,Car or other,42,A143,Rent,2,Skilled employee,1,A192,A201,1,0,Good Credit
No checking account,21,Existing credits paid back duly,Business,1572,>= 1000 DM,>= 7 years,4,A92,A101,4,Real estate,36,A141,Own,1,Unskilled resident,1,A191,A201,1,0,Good Credit
0-200 DM,24,Existing credits paid back duly,New car,2718,< 100 DM,1-4 years,3,A92,A101,4,Savings/life insurance,20,A143,Rent,1,Unskilled resident,1,A192,A201,2,1,Bad Credit
< 0 DM,24,All credits at this bank paid back,Other,1358,Unknown / no savings,>= 7 years,4,A93,A101,3,Car or other,40,A142,Own,1,Management / self-employed,1,A192,A201,2,1,Bad Credit
0-200 DM,6,All credits at this bank paid back,New car,931,100-500 DM,< 1 year,1,A92,A101,1,Savings/life insurance,32,A142,Own,1,Unskilled resident,1,A191,A201,2,1,Bad Credit
< 0 DM,24,Existing credits paid back duly,New car,1442,< 100 DM,4-7 years,4,A92,A101,4,Car or other,23,A143,Rent,2,Skilled employee,1,A191,A201,2,1,Bad Credit
0-200 DM,24,No credits / paid back duly,Business,4241,< 100 DM,1-4 years,1,A93,A101,4,Real estate,36,A143,Own,3,Unskilled resident,1,A192,A201,2,1,Bad Credit
No checking account,18,Critical account / other credits,New car,2775,< 100 DM,4-7 years,2,A93,A101,2,Savings/life insurance,31,A141,Own,2,Skilled employee,1,A191,A201,2,1,Bad Credit
No checking account,24,Delay in past payments,Business,3863,< 100 DM,1-4 years,1,A93,A101,2,Unknown / no property,32,A143,Free,1,Skilled employee,1,A191,A201,1,0,Good Credit
0-200 DM,7,Existing credits paid back duly,Radio/television,2329,< 100 DM,< 1 year,1,A92,A103,1,Real estate,45,A143,Own,1,Skilled employee,1,A191,A201,1,0,Good Credit
0-200 DM,9,Existing credits paid back duly,Furniture/equipment,918,< 100 DM,1-4 years,4,A92,A101,1,Savings/life insurance,30,A143,Own,1,Skilled employee,1,A191,A201,2,1,Bad Credit
0-200 DM,24,All credits at this bank paid back,Education,1837,< 100 DM,4-7 years,4,A92,A101,4,Unknown / no property,34,A141,Free,1,Unskilled resident,1,A191,A201,2,1,Bad Credit
No checking account,36,Existing credits paid back duly,Furniture/equipment,3349,< 100 DM,1-4 years,4,A92,A101,2,Car or other,28,A143,Own,1,Management / self-employed,1,A192,A201,2,1,Bad Credit
>= 200 DM,10,Existing credits paid back duly,Furniture/equipment,1275,< 100 DM,< 1 year,4,A92,A101,2,Savings/life insurance,23,A143,Own,1,Skilled employee,1,A191,A201,1,0,Good Credit
< 0 DM,24,All credits at this bank paid back,Furniture/equipment,2828,500-1000 DM,1-4 years,4,A93,A101,4,Real estate,22,A142,Own,1,Skilled employee,1,A192,A201,1,0,Good Credit
No checking account,24,Critical account / other credits,Business,4526,< 100 DM,1-4 years,3,A93,A101,2,Real estate,74,A143,Own,1,Management / self-employed,1,A192,A201,1,0,Good Credit
0-200 DM,36,Existing credits paid back duly,Radio/television,2671,100-500 DM,1-4 years,4,A92,A102,4,Unknown / no property,50,A143,Free,1,Skilled employee,1,A191,A201,2,1,Bad Credit
No checking account,18,Existing credits paid back duly,Radio/television,2051,< 100 DM,< 1 year,4,A93,A101,1,Real estate,33,A143,Own,1,Skilled employee,1,A191,A201,1,0,Good Credit
No checking account,15,Existing credits paid back duly,Used car,1300,Unknown / no savings,>= 7 years,4,A93,A101,4,Unknown / no property,45,A141,Free,1,Skilled employee,2,A191,A201,1,0,Good Credit
< 0 DM,12,Existing credits paid back duly,Domestic appliances,741,100-500 DM,Unemployed,4,A92,A101,3,Savings/life insurance,22,A143,Own,1,Skilled employee,1,A191,A201,2,1,Bad Credit
>= 200 DM,10,Existing credits paid back duly,New car,1240,100-500 DM,>= 7 years,1,A92,A101,4,Unknown / no property,48,A143,Free,1,Unskilled resident,2,A191,A201,2,1,Bad Credit
< 0 DM,21,Existing credits paid back duly,Radio/television,3357,>= 1000 DM,< 1 year,4,A92,A101,2,Car or other,29,A141,Own,1,Skilled employee,1,A191,A201,1,0,Good Credit
< 0 DM,24,All credits at this bank paid back,Used car,3632,< 100 DM,1-4 years,1,A92,A103,4,Car or other,22,A141,Rent,1,Skilled employee,1,A191,A202,1,0,Good Credit
No checking account,18,Delay in past payments,Furniture/equipment,1808,< 100 DM,4-7 years,4,A92,A101,1,Real estate,22,A143,Own,1,Skilled employee,1,A191,A201,2,1,Bad Credit
0-200 DM,48,No credits / paid back duly,Business,12204,Unknown / no savings,1-4 years,2,A93,A101,2,Car or other,48,A141,Own,1,Management / self-employed,1,A192,A201,1,0,Good Credit
0-200 DM,60,Delay in past payments,Radio/television,9157,Unknown / no savings,1-4 years,2,A93,A101,2,Unknown / no property,27,A143,Free,1,Management / self-employed,1,A191,A201,1,0,Good Credit
< 0 DM,6,Critical account / other credits,New car,3676,< 100 DM,1-4 years,1,A93,A101,3,Real estate,37,A143,Rent,3,Skilled employee,2,A191,A201,1,0,Good Credit
0-200 DM,30,Existing credits paid back duly,Furniture/equipment,3441,100-500 DM,1-4 years,2,A92,A102,4,Car or other,21,A143,Rent,1,Skilled employee,1,A191,A201,2,1,Bad Credit
No checking account,12,Existing credits paid back duly,New car,640,< 100 DM,1-4 years,4,A91,A101,2,Real estate,49,A143,Own,1,Unskilled resident,1,A191,A201,1,0,Good Credit
0-200 DM,21,Critical account / other credits,Business,3652,< 100 DM,4-7 years,2,A93,A101,3,Savings/life insurance,27,A143,Own,2,Skilled employee,1,A191,A201,1,0,Good Credit
No checking account,18,Critical account / other credits,New car,1530,< 100 DM,1-4 years,3,A93,A101,2,Savings/life insurance,32,A141,Own,2,Skilled employee,1,A191,A201,2,1,Bad Credit
No checking account,48,Existing credits paid back duly,Business,3914,Unknown / no savings,1-4 years,4,A91,A101,2,Real estate,38,A141,Own,1,Skilled employee,1,A191,A201,2,1,Bad Credit
< 0 DM,12,Existing credits paid back duly,Furniture/equipment,1858,< 100 DM,< 1 year,4,A92,A101,1,Car or other,22,A143,Rent,1,Skilled employee,1,A191,A201,1,0,Good Credit
< 0 DM,18,Existing credits paid back duly,Radio/television,2600,< 100 DM,1-4 years,4,A93,A101,4,Unknown / no property,65,A143,Free,2,Skilled employee,1,A191,A201,2,1,Bad Credit
No checking account,15,Existing credits paid back duly,Radio/television,1979,Unknown / no savings,>= 7 years,4,A93,A101,2,Car or other,35,A143,Own,1,Skilled employee,1,A191,A201,1,0,Good Credit
>= 200 DM,6,Existing credits paid back duly,Furniture/equipment,2116,< 100 DM,1-4 years,2,A93,A101,2,Real estate,41,A143,Own,1,Skilled employee,1,A192,A201,1,0,Good Credit
0-200 DM,9,All credits at this bank paid back,New car,1437,100-500 DM,4-7 years,2,A93,A101,3,Unknown / no property,29,A143,Own,1,Skilled employee,1,A191,A201,2,1,Bad Credit
No checking account,42,Critical account / other credits,Furniture/equipment,4042,500-1000 DM,1-4 years,4,A93,A101,4,Real estate,36,A143,Own,2,Skilled employee,1,A192,A201,1,0,Good Credit
No checking account,9,Existing credits paid back duly,Education,3832,Unknown / no savings,>= 7 years,1,A93,A101,4,Real estate,64,A143,Own,1,Unskilled resident,1,A191,A201,1,0,Good Credit
< 0 DM,24,Existing credits paid back duly,Radio/television,3660,< 100 DM,1-4 years,2,A92,A101,4,Car or other,28,A143,Own,1,Skilled employee,1,A191,A201,1,0,Good Credit
< 0 DM,18,All credits at this bank paid back,Furniture/equipment,1553,< 100 DM,1-4 years,4,A93,A101,3,Car or other,44,A141,Own,1,Skilled employee,1,A191,A201,2,1,Bad Credit
0-200 DM,15,Existing credits paid back duly,Radio/television,1444,Unknown / no savings,< 1 year,4,A93,A101,1,Savings/life insurance,23,A143,Own,1,Skilled employee,1,A191,A201,1,0,Good Credit
No checking account,9,Existing credits paid back duly,Furniture/equipment,1980,< 100 DM,< 1 year,2,A92,A102,2,Car or other,19,A143,Rent,2,Skilled employee,1,A191,A201,2,1,Bad Credit
0-200 DM,24,Existing credits paid back duly,New car,1355,< 100 DM,< 1 year,3,A92,A101,4,Car or other,25,A143,Own,1,Unskilled resident,1,A192,A201,2,1,Bad Credit
No checking account,12,Existing credits paid back duly,Education,1393,< 100 DM,>= 7 years,4,A93,A101,4,Savings/life insurance,47,A141,Own,3,Skilled employee,2,A192,A201,1,0,Good Credit
No checking account,24,Existing credits paid back duly,Radio/television,1376,500-1000 DM,4-7 years,4,A92,A101,1,Car or other,28,A143,Own,1,Skilled employee,1,A191,A201,1,0,Good Credit
No checking account,60,Delay in past payments,Radio/television,15653,< 100 DM,4-7 years,2,A93,A101,4,Car or other,21,A143,Own,2,Skilled employee,1,A192,A201,1,0,Good Credit
No checking account,12,Existing credits paid back duly,Radio/television,1493,< 100 DM,< 1 year,4,A92,A101,3,Car or other,34,A143,Own,1,Skilled employee,2,A191,A201,1,0,Good Credit
< 0 DM,42,Delay in past payments,Radio/television,4370,< 100 DM,4-7 years,3,A93,A101,2,Savings/life insurance,26,A141,Own,2,Skilled employee,2,A192,A201,2,1,Bad Credit
< 0 DM,18,Existing credits paid back duly,Education,750,< 100 DM,Unemployed,4,A92,A101,1,Real estate,27,A143,Own,1,Unemployed / unskilled non-resident,1,A191,A201,2,1,Bad Credit
0-200 DM,15,Existing credits paid back duly,Repairs,1308,< 100 DM,>= 7 years,4,A93,A101,4,Car or other,38,A143,Own,2,Unskilled resident,1,A191,A201,1,0,Good Credit
No checking account,15,Existing credits paid back duly,Education,4623,100-500 DM,1-4 years,3,A93,A101,2,Savings/life insurance,40,A143,Own,1,Management / self-employed,1,A192,A201,2,1,Bad Credit
No checking account,24,Critical account / other credits,Radio/television,1851,< 100 DM,4-7 years,4,A94,A103,2,Car or other,33,A143,Own,2,Skilled employee,1,A192,A201,1,0,Good Credit
< 0 DM,18,Critical account / other credits,Radio/television,1880,< 100 DM,4-7 years,4,A94,A101,1,Savings/life insurance,32,A143,Own,2,Management / self-employed,1,A192,A201,1,0,Good Credit
No checking account,36,Delay in past payments,Business,7980,Unknown / no savings,< 1 year,4,A93,A101,4,Car or other,27,A143,Rent,2,Skilled employee,1,A192,A201,2,1,Bad Credit
< 0 DM,30,No credits / paid back duly,Furniture/equipment,4583,< 100 DM,1-4 years,2,A91,A103,2,Real estate,32,A143,Own,2,Skilled employee,1,A191,A201,1,0,Good Credit
No checking account,12,Existing credits paid back duly,New car,1386,500-1000 DM,1-4 years,2,A92,A101,2,Savings/life insurance,26,A143,Own,1,Skilled employee,1,A191,A201,2,1,Bad Credit
>= 200 DM,24,Existing credits paid back duly,New car,947,< 100 DM,4-7 years,4,A93,A101,3,Unknown / no property,38,A141,Free,1,Skilled employee,2,A191,A201,2,1,Bad Credit
< 0 DM,12,Existing credits paid back duly,Education,684,< 100 DM,1-4 years,4,A93,A101,4,Car or other,40,A143,Rent,1,Unskilled resident,2,A191,A201,2,1,Bad Credit
< 0 DM,48,Existing credits paid back duly,Education,7476,< 100 DM,4-7 years,4,A93,A101,1,Unknown / no property,50,A143,Free,1,Management / self-employed,1,A192,A201,1,0,Good Credit
0-200 DM,12,Existing credits paid back duly,Furniture/equipment,1922,< 100 DM,1-4 years,4,A93,A101,2,Savings/life insurance,37,A143,Own,1,Unskilled resident,1,A191,A201,2,1,Bad Credit
< 0 DM,24,Existing credits paid back duly,New car,2303,< 100 DM,>= 7 years,4,A93,A102,1,Real estate,45,A143,Own,1,Skilled employee,1,A191,A201,2,1,Bad Credit
0-200 DM,36,Delay in past payments,New car,8086,100-500 DM,>= 7 years,2,A93,A101,4,Car or other,42,A143,Own,4,Management / self-employed,1,A192,A201,2,1,Bad Credit
No checking account,24,Critical account / other credits,Used car,2346,< 100 DM,4-7 years,4,A93,A101,3,Car or other,35,A143,Own,2,Skilled employee,1,A192,A201,1,0,Good Credit
< 0 DM,14,Existing credits paid back duly,New car,3973,< 100 DM,Unemployed,1,A93,A101,4,Unknown / no property,22,A143,Free,1,Skilled employee,1,A191,A201,1,0,Good Credit
0-200 DM,12,Existing credits paid back duly,New car,888,< 100 DM,>= 7 years,4,A93,A101,4,Car or other,41,A141,Own,1,Unskilled resident,2,A191,A201,2,1,Bad Credit
No checking account,48,Existing credits paid back duly,Radio/television,10222,Unknown / no savings,4-7 years,4,A93,A101,3,Car or other,37,A142,Own,1,Skilled employee,1,A192,A201,1,0,Good Credit
0-200 DM,30,No credits / paid back duly,Business,4221,< 100 DM,1-4 years,2,A92,A101,1,Car or other,28,A143,Own,2,Skilled employee,1,A191,A201,1,0,Good Credit
0-200 DM,18,Critical account / other credits,Furniture/equipment,6361,< 100 DM,>= 7 years,2,A93,A101,1,Unknown / no property,41,A143,Own,1,Skilled employee,1,A192,A201,1,0,Good Credit
>= 200 DM,12,Existing credits paid back duly,Radio/television,1297,< 100 DM,1-4 years,3,A94,A101,4,Real estate,23,A143,Rent,1,Skilled employee,1,A191,A201,1,0,Good Credit
< 0 DM,12,Existing credits paid back duly,New car,900,Unknown / no savings,1-4 years,4,A94,A101,2,Car or other,23,A143,Own,1,Skilled employee,1,A191,A201,2,1,Bad Credit
No checking account,21,Existing credits paid back duly,Furniture/equipment,2241,< 100 DM,>= 7 years,4,A93,A101,2,Real estate,50,A143,Own,2,Skilled employee,1,A191,A201,1,0,Good Credit
0-200 DM,6,Delay in past payments,Furniture/equipment,1050,< 100 DM,Unemployed,4,A93,A101,1,Savings/life insurance,35,A142,Own,2,Management / self-employed,1,A192,A201,1,0,Good Credit
>= 200 DM,6,Critical account / other credits,Education,1047,< 100 DM,1-4 years,2,A92,A101,4,Savings/life insurance,50,A143,Own,1,Unskilled resident,1,A191,A201,1,0,Good Credit
No checking account,24,Critical account / other credits,Other,6314,< 100 DM,Unemployed,4,A93,A102,2,Unknown / no property,27,A141,Own,2,Management / self-employed,1,A192,A201,1,0,Good Credit
0-200 DM,30,All credits at this bank paid back,Furniture/equipment,3496,>= 1000 DM,1-4 years,4,A93,A101,2,Car or other,34,A142,Own,1,Skilled employee,2,A192,A201,1,0,Good Credit
No checking account,48,All credits at this bank paid back,Business,3609,< 100 DM,1-4 years,1,A92,A101,1,Real estate,27,A142,Own,1,Skilled employee,1,A191,A201,1,0,Good Credit
< 0 DM,12,Critical account / other credits,New car,4843,< 100 DM,>= 7 years,3,A93,A102,4,Savings/life insurance,43,A143,Rent,2,Skilled employee,1,A192,A201,2,1,Bad Credit
>= 200 DM,30,Critical account / other credits,Radio/television,3017,< 100 DM,>= 7 years,4,A93,A101,4,Savings/life insurance,47,A143,Own,1,Skilled employee,1,A191,A201,1,0,Good Credit
No checking account,24,Critical account / other credits,Business,4139,100-500 DM,1-4 years,3,A93,A101,3,Savings/life insurance,27,A143,Own,2,Unskilled resident,1,A192,A201,1,0,Good Credit
No checking account,36,Existing credits paid back duly,Business,5742,100-500 DM,4-7 years,2,A93,A101,2,Car or other,31,A143,Own,2,Skilled employee,1,A192,A201,1,0,Good Credit
No checking account,60,Existing credits paid back duly,New car,10366,< 100 DM,>= 7 years,2,A93,A101,4,Savings/life insurance,42,A143,Own,1,Management / self-employed,1,A192,A201,1,0,Good Credit
No checking account,6,Critical account / other credits,New car,2080,500-1000 DM,1-4 years,1,A94,A101,2,Car or other,24,A143,Own,1,Skilled employee,1,A191,A201,1,0,Good Credit
No checking account,21,Delay in past payments,Business,2580,500-1000 DM,< 1 year,4,A93,A101,2,Real estate,41,A141,Own,1,Unskilled resident,2,A191,A201,2,1,Bad Credit
No checking account,30,Critical account / other credits,Radio/television,4530,< 100 DM,4-7 years,4,A92,A101,4,Car or other,26,A143,Rent,1,Management / self-employed,1,A192,A201,1,0,Good Credit
No checking account,24,Critical account / other credits,Furniture/equipment,5150,< 100 DM,>= 7 years,4,A93,A101,4,Car or other,33,A143,Own,1,Skilled employee,1,A192,A201,1,0,Good Credit
0-200 DM,72,Existing credits paid back duly,Radio/television,5595,100-500 DM,1-4 years,2,A94,A101,2,Car or other,24,A143,Own,1,Skilled employee,1,A191,A201,2,1,Bad Credit
< 0 DM,24,Existing credits paid back duly,Radio/television,2384,< 100 DM,>= 7 years,4,A93,A101,4,Real estate,64,A141,Rent,1,Unskilled resident,1,A191,A201,1,0,Good Credit
No checking account,18,Existing credits paid back duly,Radio/television,1453,< 100 DM,< 1 year,3,A92,A101,1,Real estate,26,A143,Own,1,Skilled employee,1,A191,A201,1,0,Good Credit
No checking account,6,Existing credits paid back duly,Education,1538,< 100 DM,< 1 year,1,A92,A101,2,Unknown / no property,56,A143,Own,1,Skilled employee,1,A191,A201,1,0,Good Credit
No checking account,12,Existing credits paid back duly,Radio/television,2279,Unknown / no savings,1-4 years,4,A93,A101,4,Unknown / no property,37,A143,Free,1,Skilled employee,1,A192,A201,1,0,Good Credit
No checking account,15,Delay in past payments,Radio/television,1478,< 100 DM,1-4 years,4,A94,A101,3,Real estate,33,A141,Own,2,Skilled employee,1,A191,A201,1,0,Good Credit
No checking account,24,Critical account / other credits,Radio/television,5103,< 100 DM,< 1 year,3,A94,A101,3,Unknown / no property,47,A143,Free,3,Skilled employee,1,A192,A201,1,0,Good Credit
0-200 DM,36,Delay in past payments,Business,9857,100-500 DM,4-7 years,1,A93,A101,3,Savings/life insurance,31,A143,Own,2,Unskilled resident,2,A192,A201,1,0,Good Credit
No checking account,60,Existing credits paid back duly,New car,6527,Unknown / no savings,1-4 years,4,A93,A101,4,Unknown / no property,34,A143,Free,1,Skilled employee,2,A192,A201,1,0,Good Credit
>= 200 DM,10,Critical account / other credits,Radio/television,1347,Unknown / no savings,4-7 years,4,A93,A101,2,Savings/life insurance,27,A143,Own,2,Skilled employee,1,A192,A201,1,0,Good Credit
0-200 DM,36,Delay in past payments,New car,2862,100-500 DM,>= 7 years,4,A93,A101,3,Unknown / no property,30,A143,Free,1,Skilled employee,1,A191,A201,1,0,Good Credit
No checking account,9,Existing credits paid back duly,Radio/television,2753,100-500 DM,>= 7 years,3,A93,A102,4,Car or other,35,A143,Own,1,Skilled employee,1,A192,A201,1,0,Good Credit
< 0 DM,12,Existing credits paid back duly,New car,3651,>= 1000 DM,1-4 years,1,A93,A101,3,Savings/life insurance,31,A143,Own,1,Skilled employee,2,A191,A201,1,0,Good Credit
< 0 DM,15,Critical account / other credits,Furniture/equipment,975,< 100 DM,1-4 years,2,A91,A101,3,Savings/life insurance,25,A143,Own,2,Skilled employee,1,A191,A201,1,0,Good Credit
0-200 DM,15,Existing credits paid back duly,Repairs,2631,100-500 DM,1-4 years,3,A92,A101,2,Real estate,25,A143,Own,1,Unskilled resident,1,A191,A201,1,0,Good Credit
0-200 DM,24,Existing credits paid back duly,Radio/television,2896,100-500 DM,< 1 year,2,A93,A101,1,Car or other,29,A143,Own,1,Skilled employee,1,A191,A201,1,0,Good Credit
< 0 DM,6,Critical account / other credits,New car,4716,Unknown / no savings,< 1 year,1,A93,A101,3,Real estate,44,A143,Own,2,Unskilled resident,2,A191,A201,1,0,Good Credit
No checking account,24,Existing credits paid back duly,Radio/television,2284,< 100 DM,4-7 years,4,A93,A101,2,Car or other,28,A143,Own,1,Skilled employee,1,A192,A201,1,0,Good Credit
No checking account,6,Existing credits paid back duly,Used car,1236,500-1000 DM,1-4 years,2,A93,A101,4,Savings/life insurance,50,A143,Rent,1,Skilled employee,1,A191,A201,1,0,Good Credit
0-200 DM,12,Existing credits paid back duly,Radio/television,1103,< 100 DM,4-7 years,4,A93,A103,3,Real estate,29,A143,Own,2,Skilled employee,1,A191,A202,1,0,Good Credit
No checking account,12,Critical account / other credits,New car,926,< 100 DM,Unemployed,1,A92,A101,2,Savings/life insurance,38,A143,Own,1,Unemployed / unskilled non-resident,1,A191,A201,1,0,Good Credit
No checking account,18,Critical account / other credits,Radio/television,1800,< 100 DM,1-4 years,4,A93,A101,2,Car or other,24,A143,Own,2,Skilled employee,1,A191,A201,1,0,Good Credit
>= 200 DM,15,Existing credits paid back duly,Education,1905,< 100 DM,>= 7 years,4,A93,A101,4,Car or other,40,A143,Rent,1,Management / self-employed,1,A192,A201,1,0,Good Credit
No checking account,12,Existing credits paid back duly,Furniture/equipment,1123,500-1000 DM,1-4 years,4,A92,A101,4,Car or other,29,A143,Rent,1,Unskilled resident,1,A191,A201,2,1,Bad Credit
< 0 DM,48,Critical account / other credits,Used car,6331,< 100 DM,>= 7 years,4,A93,A101,4,Unknown / no property,46,A143,Free,2,Skilled employee,1,A192,A201,2,1,Bad Credit
>= 200 DM,24,Existing credits paid back duly,Radio/television,1377,100-500 DM,>= 7 years,4,A92,A101,2,Unknown / no property,47,A143,Free,1,Skilled employee,1,A192,A201,1,0,Good Credit
0-200 DM,30,Delay in past payments,Business,2503,100-500 DM,>= 7 years,4,A93,A101,2,Savings/life insurance,41,A142,Own,2,Skilled employee,1,A191,A201,1,0,Good Credit
0-200 DM,27,Existing credits paid back duly,Business,2528,< 100 DM,< 1 year,4,A92,A101,1,Savings/life insurance,32,A143,Own,1,Skilled employee,2,A192,A201,1,0,Good Credit
No checking account,15,Existing credits paid back duly,New car,5324,500-1000 DM,>= 7 years,1,A92,A101,4,Unknown / no property,35,A143,Free,1,Skilled employee,1,A191,A201,1,0,Good Credit
0-200 DM,48,Existing credits paid back duly,New car,6560,100-500 DM,4-7 years,3,A93,A101,2,Savings/life insurance,24,A143,Own,1,Skilled employee,1,A191,A201,2,1,Bad Credit
0-200 DM,12,No credits / paid back duly,Furniture/equipment,2969,< 100 DM,< 1 year,4,A92,A101,3,Savings/life insurance,25,A143,Rent,2,Skilled employee,1,A191,A201,2,1,Bad Credit
0-200 DM,9,Existing credits paid back duly,Radio/television,1206,< 100 DM,>= 7 years,4,A92,A101,4,Real estate,25,A143,Own,1,Skilled employee,1,A191,A201,1,0,Good Credit
0-200 DM,9,Existing credits paid back duly,Radio/television,2118,< 100 DM,1-4 years,2,A93,A101,2,Real estate,37,A143,Own,1,Unskilled resident,2,A191,A201,1,0,Good Credit
No checking account,18,Critical account / other credits,Radio/television,629,500-1000 DM,>= 7 years,4,A93,A101,3,Savings/life insurance,32,A141,Own,2,Management / self-employed,1,A192,A201,1,0,Good Credit
< 0 DM,6,All credits at this bank paid back,Education,1198,< 100 DM,>= 7 years,4,A92,A101,4,Unknown / no property,35,A143,Free,1,Skilled employee,1,A191,A201,2,1,Bad Credit
No checking account,21,Existing credits paid back duly,Used car,2476,Unknown / no savings,>= 7 years,4,A93,A101,4,Real estate,46,A143,Own,1,Management / self-employed,1,A192,A201,1,0,Good Credit
< 0 DM,9,Critical account / other credits,Radio/television,1138,< 100 DM,1-4 years,4,A93,A101,4,Real estate,25,A143,Own,2,Unskilled resident,1,A191,A201,1,0,Good Credit
0-200 DM,60,Existing credits paid back duly,New car,14027,< 100 DM,4-7 years,4,A93,A101,2,Unknown / no property,27,A143,Own,1,Management / self-employed,1,A192,A201,2,1,Bad Credit
No checking account,30,Critical account / other credits,Used car,7596,Unknown / no savings,>= 7 years,1,A93,A101,4,Car or other,63,A143,Own,2,Skilled employee,1,A191,A201,1,0,Good Credit
No checking account,30,Critical account / other credits,Radio/television,3077,Unknown / no savings,>= 7 years,3,A93,A101,2,Car or other,40,A143,Own,2,Skilled employee,2,A192,A201,1,0,Good Credit
No checking account,18,Existing credits paid back duly,Radio/television,1505,< 100 DM,1-4 years,4,A93,A101,2,Unknown / no property,32,A143,Free,1,Management / self-employed,1,A192,A201,1,0,Good Credit
>= 200 DM,24,Critical account / other credits,Radio/television,3148,Unknown / no savings,1-4 years,3,A93,A101,2,Car or other,31,A143,Own,2,Skilled employee,1,A192,A201,1,0,Good Credit
0-200 DM,20,No credits / paid back duly,Used car,6148,100-500 DM,>= 7 years,3,A94,A101,4,Car or other,31,A141,Own,2,Skilled employee,1,A192,A201,1,0,Good Credit
>= 200 DM,9,No credits / paid back duly,Radio/television,1337,< 100 DM,< 1 year,4,A93,A101,2,Car or other,34,A143,Own,2,Management / self-employed,1,A192,A201,2,1,Bad Credit
0-200 DM,6,All credits at this bank paid back,Education,433,>= 1000 DM,< 1 year,4,A92,A101,2,Savings/life insurance,24,A141,Rent,1,Skilled employee,2,A191,A201,2,1,Bad Credit
< 0 DM,12,Existing credits paid back duly,New car,1228,< 100 DM,1-4 years,4,A92,A101,2,Real estate,24,A143,Own,1,Unskilled resident,1,A191,A201,2,1,Bad Credit
0-200 DM,9,Existing credits paid back duly,Radio/television,790,500-1000 DM,1-4 years,4,A92,A101,3,Real estate,66,A143,Own,1,Unskilled resident,1,A191,A201,1,0,Good Credit
No checking account,27,Existing credits paid back duly,New car,2570,< 100 DM,1-4 years,3,A92,A101,3,Real estate,21,A143,Rent,1,Skilled employee,1,A191,A201,2,1,Bad Credit
No checking account,6,Critical account / other credits,New car,250,>= 1000 DM,1-4 years,2,A92,A101,2,Real estate,41,A141,Own,2,Unskilled resident,1,A191,A201,1,0,Good Credit
No checking account,15,Critical account / other credits,Radio/television,1316,500-1000 DM,1-4 years,2,A94,A101,2,Savings/life insurance,47,A143,Own,2,Unskilled resident,1,A191,A201,1,0,Good Credit
< 0 DM,18,Existing credits paid back duly,Radio/television,1882,< 100 DM,1-4 years,4,A92,A101,4,Car or other,25,A141,Rent,2,Skilled employee,1,A191,A201,2,1,Bad Credit
0-200 DM,48,All credits at this bank paid back,Business,6416,< 100 DM,>= 7 years,4,A92,A101,3,Unknown / no property,59,A143,Rent,1,Skilled employee,1,A191,A201,2,1,Bad Credit
>= 200 DM,24,Critical account / other credits,Business,1275,>= 1000 DM,1-4 years,2,A91,A101,4,Real estate,36,A143,Own,2,Skilled employee,1,A192,A201,1,0,Good Credit
0-200 DM,24,Delay in past payments,Radio/television,6403,< 100 DM,< 1 year,1,A93,A101,2,Car or other,33,A143,Own,1,Skilled employee,1,A191,A201,1,0,Good Credit
< 0 DM,24,Existing credits paid back duly,Radio/television,1987,< 100 DM,1-4 years,2,A93,A101,4,Real estate,21,A143,Rent,1,Unskilled resident,2,A191,A201,2,1,Bad Credit
0-200 DM,8,Existing credits paid back duly,Radio/television,760,< 100 DM,4-7 years,4,A92,A103,2,Real estate,44,A143,Own,1,Unskilled resident,1,A191,A201,1,0,Good Credit
No checking account,24,Existing credits paid back duly,Used car,2603,>= 1000 DM,1-4 years,2,A92,A101,4,Car or other,28,A143,Rent,1,Skilled employee,1,A192,A201,1,0,Good Credit
No checking account,4,Critical account / other credits,New car,3380,< 100 DM,4-7 years,1,A92,A101,1,Real estate,37,A143,Own,1,Skilled employee,2,A191,A201,1,0,Good Credit
0-200 DM,36,All credits at this bank paid back,Domestic appliances,3990,Unknown / no savings,< 1 year,3,A92,A101,2,Unknown / no property,29,A141,Own,1,Unemployed / unskilled non-resident,1,A191,A201,1,0,Good Credit
0-200 DM,24,Existing credits paid back duly,Used car,11560,< 100 DM,1-4 years,1,A92,A101,4,Car or other,23,A143,Rent,2,Management / self-employed,1,A191,A201,2,1,Bad Credit
< 0 DM,18,Existing credits paid back duly,New car,4380,100-500 DM,1-4 years,3,A93,A101,4,Car or other,35,A143,Own,1,Unskilled resident,2,A192,A201,1,0,Good Credit
No checking account,6,Critical account / other credits,New car,6761,< 100 DM,4-7 years,1,A93,A101,3,Unknown / no property,45,A143,Own,2,Management / self-employed,2,A192,A201,1,0,Good Credit
0-200 DM,30,No credits / paid back duly,Business,4280,100-500 DM,1-4 years,4,A92,A101,4,Car or other,26,A143,Rent,2,Unskilled resident,1,A191,A201,2,1,Bad Credit
< 0 DM,24,All credits at this bank paid back,New car,2325,100-500 DM,4-7 years,2,A93,A101,3,Car or other,32,A141,Own,1,Skilled employee,1,A191,A201,1,0,Good Credit
0-200 DM,10,All credits at this bank paid back,Radio/television,1048,< 100 DM,1-4 years,4,A93,A101,4,Real estate,23,A142,Own,1,Unskilled resident,1,A191,A201,1,0,Good Credit
No checking account,21,Existing credits paid back duly,Radio/television,3160,Unknown / no savings,>= 7 years,4,A93,A101,3,Savings/life insurance,41,A143,Own,1,Skilled employee,1,A192,A201,1,0,Good Credit
< 0 DM,24,All credits at this bank paid back,Furniture/equipment,2483,500-1000 DM,1-4 years,4,A93,A101,4,Real estate,22,A142,Own,1,Skilled employee,1,A192,A201,1,0,Good Credit
< 0 DM,39,Critical account / other credits,Furniture/equipment,14179,Unknown / no savings,4-7 years,4,A93,A101,4,Savings/life insurance,30,A143,Own,2,Management / self-employed,1,A192,A201,1,0,Good Credit
< 0 DM,13,Critical account / other credits,Business,1797,< 100 DM,< 1 year,3,A93,A101,1,Savings/life insurance,28,A141,Own,2,Unskilled resident,1,A191,A201,1,0,Good Credit
< 0 DM,15,Existing credits paid back duly,New car,2511,< 100 DM,Unemployed,1,A92,A101,4,Car or other,23,A143,Rent,1,Skilled employee,1,A191,A201,1,0,Good Credit
< 0 DM,12,Existing credits paid back duly,New car,1274,< 100 DM,< 1 year,3,A92,A101,1,Real estate,37,A143,Own,1,Unskilled resident,1,A191,A201,2,1,Bad Credit
No checking account,21,Existing credits paid back duly,Used car,5248,Unknown / no savings,1-4 years,1,A93,A101,3,Car or other,26,A143,Own,1,Skilled employee,1,A191,A201,1,0,Good Credit
No checking account,15,Existing credits paid back duly,Used car,3029,< 100 DM,4-7 years,2,A93,A101,2,Car or other,33,A143,Own,1,Skilled employee,1,A191,A201,1,0,Good Credit
< 0 DM,6,Existing credits paid back duly,Furniture/equipment,428,< 100 DM,>= 7 years,2,A92,A101,1,Savings/life insurance,49,A141,Own,1,Skilled employee,1,A192,A201,1,0,Good Credit
< 0 DM,18,Existing credits paid back duly,New car,976,< 100 DM,< 1 year,1,A92,A101,2,Car or other,23,A143,Own,1,Unskilled resident,1,A191,A201,2,1,Bad Credit
0-200 DM,12,Existing credits paid back duly,Business,841,100-500 DM,4-7 years,2,A92,A101,4,Real estate,23,A143,Rent,1,Unskilled resident,1,A191,A201,1,0,Good Credit
No checking account,30,Critical account / other credits,Radio/television,5771,< 100 DM,4-7 years,4,A92,A101,2,Car or other,25,A143,Own,2,Skilled employee,1,A191,A201,1,0,Good Credit
No checking account,12,Delay in past payments,Repairs,1555,>= 1000 DM,>= 7 years,4,A93,A101,4,Unknown / no property,55,A143,Free,2,Skilled employee,2,A191,A201,2,1,Bad Credit
< 0 DM,24,Existing credits paid back duly,New car,1285,Unknown / no savings,4-7 years,4,A92,A101,4,Unknown / no property,32,A143,Rent,1,Skilled employee,1,A191,A201,2,1,Bad Credit
>= 200 DM,6,Critical account / other credits,New car,1299,< 100 DM,1-4 years,1,A93,A101,1,Real estate,74,A143,Own,3,Unemployed / unskilled non-resident,2,A191,A202,1,0,Good Credit
>= 200 DM,15,Critical account / other credits,Radio/television,1271,Unknown / no savings,1-4 years,3,A93,A101,4,Unknown / no property,39,A143,Free,2,Skilled employee,1,A192,A201,2,1,Bad Credit
No checking account,24,Existing credits paid back duly,New car,1393,< 100 DM,1-4 years,2,A93,A103,2,Real estate,31,A143,Own,1,Skilled employee,1,A192,A201,1,0,Good Credit
< 0 DM,12,Critical account / other credits,New car,691,< 100 DM,>= 7 years,4,A93,A101,3,Savings/life insurance,35,A143,Own,2,Skilled employee,1,A191,A201,2,1,Bad Credit
No checking account,15,Critical account / other credits,New car,5045,Unknown / no savings,>= 7 years,1,A92,A101,4,Car or other,59,A143,Own,1,Skilled employee,1,A192,A201,1,0,Good Credit
< 0 DM,18,Critical account / other credits,Furniture/equipment,2124,< 100 DM,1-4 years,4,A92,A101,4,Real estate,24,A143,Rent,2,Skilled employee,1,A191,A201,2,1,Bad Credit
< 0 DM,12,Existing credits paid back duly,Radio/television,2214,< 100 DM,1-4 years,4,A93,A101,3,Savings/life insurance,24,A143,Own,1,Unskilled resident,1,A191,A201,1,0,Good Credit
No checking account,21,Critical account / other credits,New car,12680,Unknown / no savings,>= 7 years,4,A93,A101,4,Unknown / no property,30,A143,Free,1,Management / self-employed,1,A192,A201,2,1,Bad Credit
No checking account,24,Critical account / other credits,New car,2463,100-500 DM,4-7 years,4,A94,A101,3,Savings/life insurance,27,A143,Own,2,Skilled employee,1,A192,A201,1,0,Good Credit
0-200 DM,12,Existing credits paid back duly,Radio/television,1155,< 100 DM,>= 7 years,3,A94,A103,3,Real estate,40,A141,Own,2,Unskilled resident,1,A191,A201,1,0,Good Credit
< 0 DM,30,Existing credits paid back duly,Furniture/equipment,3108,< 100 DM,< 1 year,2,A91,A101,4,Savings/life insurance,31,A143,Own,1,Unskilled resident,1,A191,A201,2,1,Bad Credit
No checking account,10,Existing credits paid back duly,Used car,2901,Unknown / no savings,< 1 year,1,A92,A101,4,Real estate,31,A143,Rent,1,Skilled employee,1,A191,A201,1,0,Good Credit
0-200 DM,12,Critical account / other credits,Furniture/equipment,3617,< 100 DM,>= 7 years,1,A93,A101,4,Car or other,28,A143,Rent,3,Skilled employee,1,A192,A201,1,0,Good Credit
No checking account,12,Critical account / other credits,Radio/television,1655,< 100 DM,>= 7 years,2,A93,A101,4,Real estate,63,A143,Own,2,Unskilled resident,1,A192,A201,1,0,Good Credit
< 0 DM,24,Existing credits paid back duly,Used car,2812,Unknown / no savings,>= 7 years,2,A92,A101,4,Real estate,26,A143,Rent,1,Skilled employee,1,A191,A201,1,0,Good Credit
< 0 DM,36,Critical account / other credits,Education,8065,< 100 DM,1-4 years,3,A92,A101,2,Unknown / no property,25,A143,Own,2,Management / self-employed,1,A192,A201,2,1,Bad Credit
No checking account,21,Critical account / other credits,Used car,3275,< 100 DM,>= 7 years,1,A93,A101,4,Car or other,36,A143,Own,1,Management / self-employed,1,A192,A201,1,0,Good Credit
No checking account,24,Critical account / other credits,Radio/television,2223,100-500 DM,>= 7 years,4,A93,A101,4,Savings/life insurance,52,A141,Own,2,Skilled employee,1,A191,A201,1,0,Good Credit
>= 200 DM,12,Critical account / other credits,New car,1480,500-1000 DM,Unemployed,2,A93,A101,4,Unknown / no property,66,A141,Free,3,Unemployed / unskilled non-resident,1,A191,A201,1,0,Good Credit
< 0 DM,24,Existing credits paid back duly,New car,1371,Unknown / no savings,1-4 years,4,A92,A101,4,Real estate,25,A143,Rent,1,Skilled employee,1,A191,A201,2,1,Bad Credit
No checking account,36,Critical account / other credits,New car,3535,< 100 DM,4-7 years,4,A93,A101,4,Car or other,37,A143,Own,2,Skilled employee,1,A192,A201,1,0,Good Credit
< 0 DM,18,Existing credits paid back duly,Radio/television,3509,< 100 DM,4-7 years,4,A92,A103,1,Real estate,25,A143,Own,1,Skilled employee,1,A191,A201,1,0,Good Credit
No checking account,36,Critical account / other credits,Used car,5711,>= 1000 DM,>= 7 years,4,A93,A101,2,Car or other,38,A143,Own,2,Management / self-employed,1,A192,A201,1,0,Good Credit
0-200 DM,18,Existing credits paid back duly,Repairs,3872,< 100 DM,Unemployed,2,A92,A101,4,Car or other,67,A143,Own,1,Skilled employee,1,A192,A201,1,0,Good Credit
0-200 DM,39,Critical account / other credits,Radio/television,4933,< 100 DM,4-7 years,2,A93,A103,2,Real estate,25,A143,Own,2,Skilled employee,1,A191,A201,2,1,Bad Credit
No checking account,24,Critical account / other credits,New car,1940,>= 1000 DM,>= 7 years,4,A93,A101,4,Real estate,60,A143,Own,1,Skilled employee,1,A192,A201,1,0,Good Credit
0-200 DM,12,No credits / paid back duly,Retraining,1410,< 100 DM,1-4 years,2,A93,A101,2,Real estate,31,A143,Own,1,Unskilled resident,1,A192,A201,1,0,Good Credit
0-200 DM,12,Existing credits paid back duly,New car,836,100-500 DM,< 1 year,4,A92,A101,2,Savings/life insurance,23,A141,Own,1,Unskilled resident,1,A191,A201,2,1,Bad Credit
0-200 DM,20,Existing credits paid back duly,Used car,6468,Unknown / no savings,Unemployed,1,A91,A101,4,Real estate,60,A143,Own,1,Management / self-employed,1,A192,A201,1,0,Good Credit
0-200 DM,18,Existing credits paid back duly,Business,1941,>= 1000 DM,1-4 years,4,A93,A101,2,Savings/life insurance,35,A143,Own,1,Unskilled resident,1,A192,A201,1,0,Good Credit
No checking account,22,Existing credits paid back duly,Radio/television,2675,500-1000 DM,>= 7 years,3,A93,A101,4,Car or other,40,A143,Own,1,Skilled employee,1,A191,A201,1,0,Good Credit
No checking account,48,Critical account / other credits,Used car,2751,Unknown / no savings,>= 7 years,4,A93,A101,3,Car or other,38,A143,Own,2,Skilled employee,2,A192,A201,1,0,Good Credit
0-200 DM,48,Delay in past payments,Education,6224,< 100 DM,>= 7 years,4,A93,A101,4,Unknown / no property,50,A143,Free,1,Skilled employee,1,A191,A201,2,1,Bad Credit
< 0 DM,40,Critical account / other credits,Education,5998,< 100 DM,1-4 years,4,A93,A101,3,Unknown / no property,27,A141,Own,1,Skilled employee,1,A192,A201,2,1,Bad Credit
0-200 DM,21,Existing credits paid back duly,Business,1188,< 100 DM,>= 7 years,2,A92,A101,4,Savings/life insurance,39,A143,Own,1,Skilled employee,2,A191,A201,2,1,Bad Credit
No checking account,24,Existing credits paid back duly,Used car,6313,Unknown / no savings,>= 7 years,3,A93,A101,4,Car or other,41,A143,Own,1,Management / self-employed,2,A192,A201,1,0,Good Credit
No checking account,6,Critical account / other credits,Furniture/equipment,1221,Unknown / no savings,1-4 years,1,A94,A101,2,Savings/life insurance,27,A143,Own,2,Skilled employee,1,A191,A201,1,0,Good Credit
>= 200 DM,24,Existing credits paid back duly,Furniture/equipment,2892,< 100 DM,>= 7 years,3,A91,A101,4,Unknown / no property,51,A143,Free,1,Skilled employee,1,A191,A201,1,0,Good Credit
No checking account,24,Existing credits paid back duly,Furniture/equipment,3062,500-1000 DM,>= 7 years,4,A93,A101,3,Unknown / no property,32,A143,Rent,1,Skilled employee,1,A192,A201,1,0,Good Credit
No checking account,9,Existing credits paid back duly,Furniture/equipment,2301,100-500 DM,< 1 year,2,A92,A101,4,Savings/life insurance,22,A143,Rent,1,Skilled employee,1,A191,A201,1,0,Good Credit
< 0 DM,18,Existing credits paid back duly,Used car,7511,Unknown / no savings,>= 7 years,1,A93,A101,4,Savings/life insurance,51,A143,Free,1,Skilled employee,2,A192,A201,2,1,Bad Credit
No checking account,12,Critical account / other credits,Furniture/equipment,1258,< 100 DM,< 1 year,2,A92,A101,4,Savings/life insurance,22,A143,Rent,2,Unskilled resident,1,A191,A201,1,0,Good Credit
No checking account,24,Delay in past payments,New car,717,Unknown / no savings,>= 7 years,4,A94,A101,4,Car or other,54,A143,Own,2,Skilled employee,1,A192,A201,1,0,Good Credit
0-200 DM,9,Existing credits paid back duly,New car,1549,Unknown / no savings,< 1 year,4,A93,A101,2,Real estate,35,A143,Own,1,Unemployed / unskilled non-resident,1,A191,A201,1,0,Good Credit
No checking account,24,Critical account / other credits,Education,1597,< 100 DM,>= 7 years,4,A93,A101,4,Unknown / no property,54,A143,Free,2,Skilled employee,2,A191,A201,1,0,Good Credit
0-200 DM,18,Critical account / other credits,Radio/television,1795,< 100 DM,>= 7 years,3,A92,A103,4,Real estate,48,A141,Rent,2,Unskilled resident,1,A192,A201,1,0,Good Credit
< 0 DM,20,Critical account / other credits,Furniture/equipment,4272,< 100 DM,>= 7 years,1,A92,A101,4,Savings/life insurance,24,A143,Own,2,Skilled employee,1,A191,A201,1,0,Good Credit
No checking account,12,Critical account / other credits,Radio/television,976,Unknown / no savings,>= 7 years,4,A93,A101,4,Car or other,35,A143,Own,2,Skilled employee,1,A191,A201,1,0,Good Credit
0-200 DM,12,Existing credits paid back duly,New car,7472,Unknown / no savings,Unemployed,1,A92,A101,2,Real estate,24,A143,Rent,1,Unemployed / unskilled non-resident,1,A191,A201,1,0,Good Credit
< 0 DM,36,Existing credits paid back duly,New car,9271,< 100 DM,4-7 years,2,A93,A101,1,Car or other,24,A143,Own,1,Skilled employee,1,A192,A201,2,1,Bad Credit
0-200 DM,6,Existing credits paid back duly,Radio/television,590,< 100 DM,< 1 year,3,A94,A101,3,Real estate,26,A143,Own,1,Unskilled resident,1,A191,A202,1,0,Good Credit
No checking account,12,Critical account / other credits,Radio/television,930,Unknown / no savings,>= 7 years,4,A93,A101,4,Real estate,65,A143,Own,4,Skilled employee,1,A191,A201,1,0,Good Credit
0-200 DM,42,All credits at this bank paid back,Used car,9283,< 100 DM,Unemployed,1,A93,A101,2,Unknown / no property,55,A141,Free,1,Management / self-employed,1,A192,A201,1,0,Good Credit
0-200 DM,15,No credits / paid back duly,New car,1778,< 100 DM,< 1 year,2,A92,A101,1,Real estate,26,A143,Rent,2,Unemployed / unskilled non-resident,1,A191,A201,2,1,Bad Credit
0-200 DM,8,Existing credits paid back duly,Business,907,< 100 DM,< 1 year,3,A94,A101,2,Real estate,26,A143,Own,1,Skilled employee,1,A192,A201,1,0,Good Credit
0-200 DM,6,Existing credits paid back duly,Radio/television,484,< 100 DM,4-7 years,3,A94,A103,3,Real estate,28,A141,Own,1,Unskilled resident,1,A191,A201,1,0,Good Credit
< 0 DM,36,Critical account / other credits,Used car,9629,< 100 DM,4-7 years,4,A93,A101,4,Car or other,24,A143,Own,2,Skilled employee,1,A192,A201,2,1,Bad Credit
< 0 DM,48,Existing credits paid back duly,Domestic appliances,3051,< 100 DM,1-4 years,3,A93,A101,4,Car or other,54,A143,Own,1,Skilled employee,1,A191,A201,2,1,Bad Credit
< 0 DM,48,Existing credits paid back duly,New car,3931,< 100 DM,4-7 years,4,A93,A101,4,Unknown / no property,46,A143,Free,1,Skilled employee,2,A191,A201,2,1,Bad Credit
0-200 DM,36,Delay in past payments,New car,7432,< 100 DM,1-4 years,2,A92,A101,2,Savings/life insurance,54,A143,Rent,1,Skilled employee,1,A191,A201,1,0,Good Credit
No checking account,6,Existing credits paid back duly,Domestic appliances,1338,500-1000 DM,1-4 years,1,A91,A101,4,Real estate,62,A143,Own,1,Skilled employee,1,A191,A201,1,0,Good Credit
No checking account,6,Critical account / other credits,Radio/television,1554,< 100 DM,4-7 years,1,A92,A101,2,Car or other,24,A143,Rent,2,Skilled employee,1,A192,A201,1,0,Good Credit
< 0 DM,36,Existing credits paid back duly,Other,15857,< 100 DM,Unemployed,2,A91,A102,3,Car or other,43,A143,Own,1,Management / self-employed,1,A191,A201,1,0,Good Credit
< 0 DM,18,Existing credits paid back duly,Radio/television,1345,< 100 DM,1-4 years,4,A94,A101,3,Real estate,26,A141,Own,1,Skilled employee,1,A191,A201,2,1,Bad Credit
No checking account,12,Existing credits paid back duly,New car,1101,< 100 DM,1-4 years,3,A94,A101,2,Real estate,27,A143,Own,2,Skilled employee,1,A192,A201,1,0,Good Credit
>= 200 DM,12,Existing credits paid back duly,Radio/television,3016,< 100 DM,1-4 years,3,A94,A101,1,Car or other,24,A143,Own,1,Skilled employee,1,A191,A201,1,0,Good Credit
< 0 DM,36,Existing credits paid back duly,Furniture/equipment,2712,< 100 DM,>= 7 years,2,A93,A101,2,Savings/life insurance,41,A141,Own,1,Skilled employee,2,A191,A201,2,1,Bad Credit
< 0 DM,8,Critical account / other credits,New car,731,< 100 DM,>= 7 years,4,A93,A101,4,Real estate,47,A143,Own,2,Unskilled resident,1,A191,A201,1,0,Good Credit
No checking account,18,Critical account / other credits,Furniture/equipment,3780,< 100 DM,< 1 year,3,A91,A101,2,Car or other,35,A143,Own,2,Management / self-employed,1,A192,A201,1,0,Good Credit
< 0 DM,21,Critical account / other credits,New car,1602,< 100 DM,>= 7 years,4,A94,A101,3,Car or other,30,A143,Own,2,Skilled employee,1,A192,A201,1,0,Good Credit
< 0 DM,18,Critical account / other credits,New car,3966,< 100 DM,>= 7 years,1,A92,A101,4,Real estate,33,A141,Rent,3,Skilled employee,1,A192,A201,2,1,Bad Credit
No checking account,18,No credits / paid back duly,Business,4165,< 100 DM,1-4 years,2,A93,A101,2,Car or other,36,A142,Own,2,Skilled employee,2,A191,A201,2,1,Bad Credit
< 0 DM,36,Existing credits paid back duly,Used car,8335,Unknown / no savings,>= 7 years,3,A93,A101,4,Unknown / no property,47,A143,Free,1,Skilled employee,1,A191,A201,2,1,Bad Credit
0-200 DM,48,Delay in past payments,Business,6681,Unknown / no savings,1-4 years,4,A93,A101,4,Unknown / no property,38,A143,Free,1,Skilled employee,2,A192,A201,1,0,Good Credit
No checking account,24,Delay in past payments,Business,2375,500-1000 DM,1-4 years,4,A93,A101,2,Car or other,44,A143,Own,2,Skilled employee,2,A192,A201,1,0,Good Credit
< 0 DM,18,Existing credits paid back duly,New car,1216,< 100 DM,< 1 year,4,A92,A101,3,Car or other,23,A143,Rent,1,Skilled employee,1,A192,A201,2,1,Bad Credit
< 0 DM,45,No credits / paid back duly,Business,11816,< 100 DM,>= 7 years,2,A93,A101,4,Car or other,29,A143,Rent,2,Skilled employee,1,A191,A201,2,1,Bad Credit
0-200 DM,24,Existing credits paid back duly,Radio/television,5084,Unknown / no savings,>= 7 years,2,A92,A101,4,Car or other,42,A143,Own,1,Skilled employee,1,A192,A201,1,0,Good Credit
>= 200 DM,15,Existing credits paid back duly,Radio/television,2327,< 100 DM,< 1 year,2,A92,A101,3,Real estate,25,A143,Own,1,Unskilled resident,1,A191,A201,2,1,Bad Credit
< 0 DM,12,No credits / paid back duly,New car,1082,< 100 DM,1-4 years,4,A93,A101,4,Car or other,48,A141,Own,2,Skilled employee,1,A191,A201,2,1,Bad Credit
No checking account,12,Existing credits paid back duly,Radio/television,886,Unknown / no savings,1-4 years,4,A92,A101,2,Car or other,21,A143,Own,1,Skilled employee,1,A191,A201,1,0,Good Credit
No checking account,4,Existing credits paid back duly,Furniture/equipment,601,< 100 DM,< 1 year,1,A92,A101,3,Real estate,23,A143,Rent,1,Unskilled resident,2,A191,A201,1,0,Good Credit
< 0 DM,24,Critical account / other credits,Used car,2957,< 100 DM,>= 7 years,4,A93,A101,4,Savings/life insurance,63,A143,Own,2,Skilled employee,1,A192,A201,1,0,Good Credit
No checking account,24,Critical account / other credits,Radio/television,2611,< 100 DM,>= 7 years,4,A94,A102,3,Real estate,46,A143,Own,2,Skilled employee,1,A191,A201,1,0,Good Credit
< 0 DM,36,Existing credits paid back duly,Furniture/equipment,5179,< 100 DM,4-7 years,4,A93,A101,2,Savings/life insurance,29,A143,Own,1,Skilled employee,1,A191,A201,2,1,Bad Credit
No checking account,21,Delay in past payments,Used car,2993,< 100 DM,1-4 years,3,A93,A101,2,Real estate,28,A142,Own,2,Unskilled resident,1,A191,A201,1,0,Good Credit
No checking account,18,Existing credits paid back duly,Repairs,1943,< 100 DM,< 1 year,4,A92,A101,4,Real estate,23,A143,Own,1,Skilled employee,1,A191,A201,2,1,Bad Credit
No checking account,24,All credits at this bank paid back,Business,1559,< 100 DM,4-7 years,4,A93,A101,4,Car or other,50,A141,Own,1,Skilled employee,1,A192,A201,1,0,Good Credit
No checking account,18,Existing credits paid back duly,Furniture/equipment,3422,< 100 DM,>= 7 years,4,A93,A101,4,Savings/life insurance,47,A141,Own,3,Skilled employee,2,A192,A201,1,0,Good Credit
0-200 DM,21,Existing credits paid back duly,Furniture/equipment,3976,Unknown / no savings,4-7 years,2,A93,A101,3,Car or other,35,A143,Own,1,Skilled employee,1,A192,A201,1,0,Good Credit
No checking account,18,Existing credits paid back duly,New car,6761,Unknown / no savings,1-4 years,2,A93,A101,4,Car or other,68,A143,Rent,2,Skilled employee,1,A191,A201,2,1,Bad Credit
No checking account,24,Existing credits paid back duly,New car,1249,< 100 DM,< 1 year,4,A94,A101,2,Real estate,28,A143,Own,1,Skilled employee,1,A191,A201,1,0,Good Credit
< 0 DM,9,Existing credits paid back duly,Radio/television,1364,< 100 DM,4-7 years,3,A93,A101,4,Real estate,59,A143,Own,1,Skilled employee,1,A191,A201,1,0,Good Credit
< 0 DM,12,Existing credits paid back duly,Radio/television,709,< 100 DM,>= 7 years,4,A93,A101,4,Real estate,57,A142,Own,1,Unskilled resident,1,A191,A201,2,1,Bad Credit
< 0 DM,20,Critical account / other credits,New car,2235,< 100 DM,1-4 years,4,A94,A103,2,Savings/life insurance,33,A141,Rent,2,Skilled employee,1,A191,A202,2,1,Bad Credit
No checking account,24,Critical account / other credits,Used car,4042,Unknown / no savings,4-7 years,3,A93,A101,4,Savings/life insurance,43,A143,Own,2,Skilled employee,1,A192,A201,1,0,Good Credit
No checking account,15,Critical account / other credits,Radio/television,1471,< 100 DM,1-4 years,4,A93,A101,4,Unknown / no property,35,A143,Free,2,Skilled employee,1,A192,A201,1,0,Good Credit
< 0 DM,18,All credits at this bank paid back,New car,1442,< 100 DM,4-7 years,4,A93,A101,4,Unknown / no property,32,A143,Free,2,Unskilled resident,2,A191,A201,2,1,Bad Credit
No checking account,36,Delay in past payments,New car,10875,< 100 DM,>= 7 years,2,A93,A101,2,Car or other,45,A143,Own,2,Skilled employee,2,A192,A201,1,0,Good Credit
No checking account,24,Existing credits paid back duly,New car,1474,100-500 DM,< 1 year,4,A94,A101,3,Real estate,33,A143,Own,1,Skilled employee,1,A192,A201,1,0,Good Credit
No checking account,10,Existing credits paid back duly,Retraining,894,Unknown / no savings,4-7 years,4,A92,A101,3,Savings/life insurance,40,A143,Own,1,Skilled employee,1,A192,A201,1,0,Good Credit
No checking account,15,Critical account / other credits,Furniture/equipment,3343,< 100 DM,1-4 years,4,A93,A101,2,Unknown / no property,28,A143,Free,1,Skilled employee,1,A192,A201,1,0,Good Credit
< 0 DM,15,Existing credits paid back duly,New car,3959,< 100 DM,1-4 years,3,A92,A101,2,Savings/life insurance,29,A143,Own,1,Skilled employee,1,A192,A201,2,1,Bad Credit
No checking account,9,Existing credits paid back duly,New car,3577,100-500 DM,1-4 years,1,A93,A103,2,Real estate,26,A143,Rent,1,Skilled employee,2,A191,A202,1,0,Good Credit
No checking account,24,Critical account / other credits,Used car,5804,>= 1000 DM,1-4 years,4,A93,A101,2,Real estate,27,A143,Own,2,Skilled employee,1,A191,A201,1,0,Good Credit
No checking account,18,Delay in past payments,Business,2169,< 100 DM,1-4 years,4,A94,A101,2,Car or other,28,A143,Own,1,Skilled employee,1,A192,A201,2,1,Bad Credit
< 0 DM,24,Existing credits paid back duly,Radio/television,2439,< 100 DM,< 1 year,4,A92,A101,4,Real estate,35,A143,Own,1,Skilled employee,1,A192,A201,2,1,Bad Credit
No checking account,27,Critical account / other credits,Furniture/equipment,4526,>= 1000 DM,< 1 year,4,A93,A101,2,Real estate,32,A142,Own,2,Unskilled resident,2,A192,A201,1,0,Good Credit
No checking account,10,Existing credits paid back duly,Furniture/equipment,2210,< 100 DM,1-4 years,2,A93,A101,2,Real estate,25,A141,Rent,1,Unskilled resident,1,A191,A201,2,1,Bad Credit
No checking account,15,Existing credits paid back duly,Furniture/equipment,2221,500-1000 DM,1-4 years,2,A92,A101,4,Car or other,20,A143,Rent,1,Skilled employee,1,A191,A201,1,0,Good Credit
< 0 DM,18,Existing credits paid back duly,Radio/television,2389,< 100 DM,< 1 year,4,A92,A101,1,Car or other,27,A142,Own,1,Skilled employee,1,A191,A201,1,0,Good Credit
No checking account,12,Critical account / other credits,Furniture/equipment,3331,< 100 DM,>= 7 years,2,A93,A101,4,Savings/life insurance,42,A142,Own,1,Skilled employee,1,A191,A201,1,0,Good Credit
No checking account,36,Existing credits paid back duly,Business,7409,Unknown / no savings,>= 7 years,3,A93,A101,2,Savings/life insurance,37,A143,Own,2,Skilled employee,1,A191,A201,1,0,Good Credit
< 0 DM,12,Existing credits paid back duly,Furniture/equipment,652,< 100 DM,>= 7 years,4,A92,A101,4,Savings/life insurance,24,A143,Rent,1,Skilled employee,1,A191,A201,1,0,Good Credit
No checking account,36,Delay in past payments,Furniture/equipment,7678,500-1000 DM,4-7 years,2,A92,A101,4,Car or other,40,A143,Own,2,Skilled employee,1,A192,A201,1,0,Good Credit
>= 200 DM,6,Critical account / other credits,New car,1343,< 100 DM,>= 7 years,1,A93,A101,4,Real estate,46,A143,Own,2,Skilled employee,2,A191,A202,1,0,Good Credit
< 0 DM,24,Critical account / other credits,Business,1382,100-500 DM,4-7 years,4,A93,A101,1,Real estate,26,A143,Own,2,Skilled employee,1,A192,A201,1,0,Good Credit
No checking account,15,Existing credits paid back duly,Domestic appliances,874,Unknown / no savings,< 1 year,4,A92,A101,1,Real estate,24,A143,Own,1,Skilled employee,1,A191,A201,1,0,Good Credit
< 0 DM,12,Existing credits paid back duly,Furniture/equipment,3590,< 100 DM,1-4 years,2,A93,A102,2,Savings/life insurance,29,A143,Own,1,Unskilled resident,2,A191,A201,1,0,Good Credit
0-200 DM,11,Critical account / other credits,New car,1322,>= 1000 DM,1-4 years,4,A92,A101,4,Car or other,40,A143,Own,2,Skilled employee,1,A191,A201,1,0,Good Credit
< 0 DM,18,All credits at this bank paid back,Radio/television,1940,< 100 DM,< 1 year,3,A93,A102,4,Unknown / no property,36,A141,Free,1,Management / self-employed,1,A192,A201,1,0,Good Credit
No checking account,36,Existing credits paid back duly,Radio/television,3595,< 100 DM,>= 7 years,4,A93,A101,2,Car or other,28,A143,Own,1,Skilled employee,1,A191,A201,1,0,Good Credit
< 0 DM,9,Existing credits paid back duly,New car,1422,< 100 DM,< 1 year,3,A93,A101,2,Unknown / no property,27,A143,Free,1,Management / self-employed,1,A192,A201,2,1,Bad Credit
No checking account,30,Critical account / other credits,Radio/television,6742,Unknown / no savings,4-7 years,2,A93,A101,3,Savings/life insurance,36,A143,Own,2,Skilled employee,1,A191,A201,1,0,Good Credit
No checking account,24,Existing credits paid back duly,Used car,7814,< 100 DM,4-7 years,3,A93,A101,3,Car or other,38,A143,Own,1,Management / self-employed,1,A192,A201,1,0,Good Credit
No checking account,24,Existing credits paid back duly,Used car,9277,Unknown / no savings,1-4 years,2,A91,A101,4,Unknown / no property,48,A143,Free,1,Skilled employee,1,A192,A201,1,0,Good Credit
0-200 DM,30,Critical account / other credits,New car,2181,Unknown / no savings,>= 7 years,4,A93,A101,4,Real estate,36,A143,Own,2,Skilled employee,1,A191,A201,1,0,Good Credit
No checking account,18,Critical account / other credits,Radio/television,1098,< 100 DM,Unemployed,4,A92,A101,4,Car or other,65,A143,Own,2,Unemployed / unskilled non-resident,1,A191,A201,1,0,Good Credit
0-200 DM,24,Existing credits paid back duly,Furniture/equipment,4057,< 100 DM,4-7 years,3,A91,A101,3,Car or other,43,A143,Own,1,Skilled employee,1,A192,A201,2,1,Bad Credit
< 0 DM,12,Existing credits paid back duly,Education,795,< 100 DM,< 1 year,4,A92,A101,4,Savings/life insurance,53,A143,Own,1,Skilled employee,1,A191,A201,2,1,Bad Credit
0-200 DM,24,Critical account / other credits,Business,2825,Unknown / no savings,4-7 years,4,A93,A101,3,Unknown / no property,34,A143,Own,2,Skilled employee,2,A192,A201,1,0,Good Credit
0-200 DM,48,Existing credits paid back duly,Business,15672,< 100 DM,1-4 years,2,A93,A101,2,Car or other,23,A143,Own,1,Skilled employee,1,A192,A201,2,1,Bad Credit
No checking account,36,Critical account / other credits,New car,6614,< 100 DM,>= 7 years,4,A93,A101,4,Car or other,34,A143,Own,2,Management / self-employed,1,A192,A201,1,0,Good Credit
No checking account,28,All credits at this bank paid back,Used car,7824,Unknown / no savings,< 1 year,3,A93,A103,4,Real estate,40,A141,Rent,2,Skilled employee,2,A192,A201,1,0,Good Credit
< 0 DM,27,Critical account / other credits,Business,2442,< 100 DM,>= 7 years,4,A93,A101,4,Car or other,43,A142,Own,4,Management / self-employed,2,A192,A201,1,0,Good Credit
No checking account,15,Critical account / other credits,Radio/television,1829,< 100 DM,>= 7 years,4,A93,A101,4,Car or other,46,A143,Own,2,Skilled employee,1,A192,A201,1,0,Good Credit
< 0 DM,12,Critical account / other credits,New car,2171,< 100 DM,1-4 years,4,A93,A101,4,Savings/life insurance,38,A141,Own,2,Unskilled resident,1,A191,A202,1,0,Good Credit
0-200 DM,36,Critical account / other credits,Used car,5800,< 100 DM,1-4 years,3,A93,A101,4,Car or other,34,A143,Own,2,Skilled employee,1,A192,A201,1,0,Good Credit
No checking account,18,Critical account / other credits,Radio/television,1169,Unknown / no savings,1-4 years,4,A93,A101,3,Savings/life insurance,29,A143,Own,2,Skilled employee,1,A192,A201,1,0,Good Credit
No checking account,36,Delay in past payments,Used car,8947,Unknown / no savings,4-7 years,3,A93,A101,2,Car or other,31,A142,Own,1,Management / self-employed,2,A192,A201,1,0,Good Credit
< 0 DM,21,Existing credits paid back duly,Radio/television,2606,< 100 DM,< 1 year,4,A92,A101,4,Savings/life insurance,28,A143,Rent,1,Management / self-employed,1,A192,A201,1,0,Good Credit
No checking account,12,Critical account / other credits,Furniture/equipment,1592,>= 1000 DM,4-7 years,3,A92,A101,2,Savings/life insurance,35,A143,Own,1,Skilled employee,1,A191,A202,1,0,Good Credit
No checking account,15,Existing credits paid back duly,Furniture/equipment,2186,Unknown / no savings,4-7 years,1,A92,A101,4,Real estate,33,A141,Rent,1,Unskilled resident,1,A191,A201,1,0,Good Credit
< 0 DM,18,Existing credits paid back duly,Furniture/equipment,4153,< 100 DM,1-4 years,2,A93,A102,3,Car or other,42,A143,Own,1,Skilled employee,1,A191,A201,2,1,Bad Credit
< 0 DM,16,Critical account / other credits,New car,2625,< 100 DM,>= 7 years,2,A93,A103,4,Savings/life insurance,43,A141,Rent,1,Skilled employee,1,A192,A201,2,1,Bad Credit
No checking account,20,Critical account / other credits,New car,3485,Unknown / no savings,< 1 year,2,A91,A101,4,Real estate,44,A143,Own,2,Skilled employee,1,A192,A201,1,0,Good Credit
No checking account,36,Critical account / other credits,Used car,10477,Unknown / no savings,>= 7 years,2,A93,A101,4,Unknown / no property,42,A143,Free,2,Skilled employee,1,A191,A201,1,0,Good Credit
No checking account,15,Existing credits paid back duly,Radio/television,1386,Unknown / no savings,1-4 years,4,A94,A101,2,Real estate,40,A143,Rent,1,Skilled employee,1,A192,A201,1,0,Good Credit
No checking account,24,Existing credits paid back duly,Radio/television,1278,< 100 DM,>= 7 years,4,A93,A101,1,Real estate,36,A143,Own,1,Management / self-employed,1,A192,A201,1,0,Good Credit
< 0 DM,12,Existing credits paid back duly,Radio/television,1107,< 100 DM,1-4 years,2,A93,A101,2,Real estate,20,A143,Rent,1,Management / self-employed,2,A192,A201,1,0,Good Credit
< 0 DM,21,Existing credits paid back duly,New car,3763,Unknown / no savings,4-7 years,2,A93,A102,2,Real estate,24,A143,Own,1,Unskilled resident,1,A191,A202,1,0,Good Credit
0-200 DM,36,Existing credits paid back duly,Education,3711,Unknown / no savings,1-4 years,2,A94,A101,2,Car or other,27,A143,Own,1,Skilled employee,1,A191,A201,1,0,Good Credit
No checking account,15,Delay in past payments,Used car,3594,< 100 DM,< 1 year,1,A92,A101,2,Savings/life insurance,46,A143,Own,2,Unskilled resident,1,A191,A201,1,0,Good Credit
0-200 DM,9,Existing credits paid back duly,New car,3195,Unknown / no savings,1-4 years,1,A92,A101,2,Real estate,33,A143,Own,1,Unskilled resident,1,A191,A201,1,0,Good Credit
No checking account,36,Delay in past payments,Radio/television,4454,< 100 DM,1-4 years,4,A92,A101,4,Real estate,34,A143,Own,2,Skilled employee,1,A191,A201,1,0,Good Credit
0-200 DM,24,Critical account / other credits,Furniture/equipment,4736,< 100 DM,< 1 year,2,A92,A101,4,Car or other,25,A141,Own,1,Unskilled resident,1,A191,A201,2,1,Bad Credit
0-200 DM,30,Existing credits paid back duly,Radio/television,2991,Unknown / no savings,>= 7 years,2,A92,A101,4,Car or other,25,A143,Own,1,Skilled employee,1,A191,A201,1,0,Good Credit
No checking account,11,Existing credits paid back duly,Business,2142,>= 1000 DM,>= 7 years,1,A91,A101,2,Real estate,28,A143,Own,1,Skilled employee,1,A192,A201,1,0,Good Credit
< 0 DM,24,All credits at this bank paid back,Business,3161,< 100 DM,1-4 years,4,A93,A101,2,Savings/life insurance,31,A143,Rent,1,Skilled employee,1,A192,A201,2,1,Bad Credit
0-200 DM,48,No credits / paid back duly,Other,18424,< 100 DM,1-4 years,1,A92,A101,2,Savings/life insurance,32,A141,Own,1,Management / self-employed,1,A192,A202,2,1,Bad Credit
No checking account,10,Existing credits paid back duly,Used car,2848,100-500 DM,1-4 years,1,A93,A102,2,Real estate,32,A143,Own,1,Skilled employee,2,A191,A201,1,0,Good Credit
< 0 DM,6,Existing credits paid back duly,New car,14896,< 100 DM,>= 7 years,1,A93,A101,4,Unknown / no property,68,A141,Own,1,Management / self-employed,1,A192,A201,2,1,Bad Credit
< 0 DM,24,Existing credits paid back duly,Furniture/equipment,2359,100-500 DM,Unemployed,1,A91,A101,1,Savings/life insurance,33,A143,Own,1,Skilled employee,1,A191,A201,2,1,Bad Credit
< 0 DM,24,Existing credits paid back duly,Furniture/equipment,3345,< 100 DM,>= 7 years,4,A93,A101,2,Savings/life insurance,39,A143,Rent,1,Management / self-employed,1,A192,A201,2,1,Bad Credit
No checking account,18,Critical account / other credits,Furniture/equipment,1817,< 100 DM,1-4 years,4,A92,A101,2,Unknown / no property,28,A143,Own,2,Skilled employee,1,A191,A201,1,0,Good Credit
No checking account,48,Delay in past payments,Radio/television,12749,500-1000 DM,4-7 years,4,A93,A101,1,Car or other,37,A143,Own,1,Management / self-employed,1,A192,A201,1,0,Good Credit
< 0 DM,9,Existing credits paid back duly,Radio/television,1366,< 100 DM,< 1 year,3,A92,A101,4,Savings/life insurance,22,A143,Rent,1,Skilled employee,1,A191,A201,2,1,Bad Credit
0-200 DM,12,Existing credits paid back duly,New car,2002,< 100 DM,4-7 years,3,A93,A101,4,Savings/life insurance,30,A143,Rent,1,Skilled employee,2,A192,A201,1,0,Good Credit
< 0 DM,24,All credits at this bank paid back,Furniture/equipment,6872,< 100 DM,< 1 year,2,A91,A101,1,Savings/life insurance,55,A141,Own,1,Skilled employee,1,A192,A201,2,1,Bad Credit
< 0 DM,12,All credits at this bank paid back,New car,697,< 100 DM,< 1 year,4,A93,A101,2,Car or other,46,A141,Own,2,Skilled employee,1,A192,A201,2,1,Bad Credit
< 0 DM,18,Critical account / other credits,Furniture/equipment,1049,< 100 DM,< 1 year,4,A92,A101,4,Savings/life insurance,21,A143,Rent,1,Skilled employee,1,A191,A201,1,0,Good Credit
< 0 DM,48,Existing credits paid back duly,Used car,10297,< 100 DM,4-7 years,4,A93,A101,4,Unknown / no property,39,A142,Free,3,Skilled employee,2,A192,A201,2,1,Bad Credit
No checking account,30,Existing credits paid back duly,Radio/television,1867,Unknown / no savings,>= 7 years,4,A93,A101,4,Car or other,58,A143,Own,1,Skilled employee,1,A192,A201,1,0,Good Credit
< 0 DM,12,Delay in past payments,New car,1344,< 100 DM,1-4 years,4,A93,A101,2,Real estate,43,A143,Own,2,Unskilled resident,2,A191,A201,1,0,Good Credit
< 0 DM,24,Existing credits paid back duly,Furniture/equipment,1747,< 100 DM,< 1 year,4,A93,A102,1,Savings/life insurance,24,A143,Own,1,Unskilled resident,1,A191,A202,1,0,Good Credit
0-200 DM,9,Existing credits paid back duly,Radio/television,1670,< 100 DM,< 1 year,4,A92,A101,2,Car or other,22,A143,Own,1,Skilled employee,1,A192,A201,2,1,Bad Credit
No checking account,9,Critical account / other credits,New car,1224,< 100 DM,1-4 years,3,A93,A101,1,Real estate,30,A143,Own,2,Skilled employee,1,A191,A201,1,0,Good Credit
No checking account,12,Critical account / other credits,Radio/television,522,500-1000 DM,>= 7 years,4,A93,A101,4,Savings/life insurance,42,A143,Own,2,Skilled employee,2,A192,A201,1,0,Good Credit
< 0 DM,12,Existing credits paid back duly,Radio/television,1498,< 100 DM,1-4 years,4,A92,A101,1,Car or other,23,A141,Own,1,Skilled employee,1,A191,A201,1,0,Good Credit
0-200 DM,30,Delay in past payments,Radio/television,1919,100-500 DM,< 1 year,4,A93,A101,3,Unknown / no property,30,A142,Own,2,Management / self-employed,1,A191,A201,2,1,Bad Credit
>= 200 DM,9,Existing credits paid back duly,Radio/television,745,< 100 DM,1-4 years,3,A92,A101,2,Real estate,28,A143,Own,1,Unskilled resident,1,A191,A201,2,1,Bad Credit
0-200 DM,6,Existing credits paid back duly,Radio/television,2063,< 100 DM,< 1 year,4,A94,A101,3,Car or other,30,A143,Rent,1,Management / self-employed,1,A192,A201,1,0,Good Credit
0-200 DM,60,Existing credits paid back duly,Education,6288,< 100 DM,1-4 years,4,A93,A101,4,Unknown / no property,42,A143,Free,1,Skilled employee,1,A191,A201,2,1,Bad Credit
No checking account,24,Critical account / other credits,Used car,6842,Unknown / no savings,1-4 years,2,A93,A101,4,Savings/life insurance,46,A143,Own,2,Management / self-employed,2,A192,A201,1,0,Good Credit
No checking account,12,Existing credits paid back duly,New car,3527,Unknown / no savings,< 1 year,2,A93,A101,3,Savings/life insurance,45,A143,Own,1,Management / self-employed,2,A192,A201,1,0,Good Credit
No checking account,10,Existing credits paid back duly,New car,1546,< 100 DM,1-4 years,3,A93,A101,2,Real estate,31,A143,Own,1,Unskilled resident,2,A191,A202,1,0,Good Credit
No checking account,24,Existing credits paid back duly,Furniture/equipment,929,Unknown / no savings,4-7 years,4,A93,A101,2,Car or other,31,A142,Own,1,Skilled employee,1,A192,A201,1,0,Good Credit
No checking account,4,Critical account / other credits,New car,1455,< 100 DM,4-7 years,2,A93,A101,1,Real estate,42,A143,Own,3,Unskilled resident,2,A191,A201,1,0,Good Credit
< 0 DM,15,Existing credits paid back duly,Furniture/equipment,1845,< 100 DM,< 1 year,4,A92,A103,1,Savings/life insurance,46,A143,Rent,1,Skilled employee,1,A191,A201,1,0,Good Credit
0-200 DM,48,No credits / paid back duly,New car,8358,500-1000 DM,< 1 year,1,A92,A101,1,Car or other,30,A143,Own,2,Skilled employee,1,A191,A201,1,0,Good Credit
< 0 DM,24,All credits at this bank paid back,Furniture/equipment,3349,500-1000 DM,< 1 year,4,A93,A101,4,Unknown / no property,30,A143,Free,1,Skilled employee,2,A192,A201,2,1,Bad Credit
No checking account,12,Existing credits paid back duly,New car,2859,Unknown / no savings,Unemployed,4,A93,A101,4,Unknown / no property,38,A143,Own,1,Management / self-employed,1,A192,A201,1,0,Good Credit
No checking account,18,Existing credits paid back duly,Furniture/equipment,1533,< 100 DM,< 1 year,4,A94,A102,1,Savings/life insurance,43,A143,Own,1,Unskilled resident,2,A191,A201,2,1,Bad Credit
No checking account,24,Existing credits paid back duly,Radio/television,3621,100-500 DM,>= 7 years,2,A93,A101,4,Car or other,31,A143,Own,2,Skilled employee,1,A191,A201,2,1,Bad Credit
0-200 DM,18,Critical account / other credits,Business,3590,< 100 DM,Unemployed,3,A94,A101,3,Car or other,40,A143,Own,3,Unemployed / unskilled non-resident,2,A192,A201,1,0,Good Credit
< 0 DM,36,Delay in past payments,Business,2145,< 100 DM,4-7 years,2,A93,A101,1,Car or other,24,A143,Own,2,Skilled employee,1,A192,A201,2,1,Bad Credit
0-200 DM,24,Existing credits paid back duly,Used car,4113,500-1000 DM,< 1 year,3,A92,A101,4,Car or other,28,A143,Rent,1,Skilled employee,1,A191,A201,2,1,Bad Credit
No checking account,36,Existing credits paid back duly,Furniture/equipment,10974,< 100 DM,Unemployed,4,A92,A101,2,Car or other,26,A143,Own,2,Management / self-employed,1,A192,A201,2,1,Bad Credit
< 0 DM,12,Existing credits paid back duly,New car,1893,< 100 DM,1-4 years,4,A92,A103,4,Savings/life insurance,29,A143,Own,1,Skilled employee,1,A192,A201,1,0,Good Credit
< 0 DM,24,Critical account / other credits,Radio/television,1231,>= 1000 DM,>= 7 years,4,A92,A101,4,Savings/life insurance,57,A143,Rent,2,Management / self-employed,1,A192,A201,1,0,Good Credit
>= 200 DM,30,Critical account / other credits,Radio/television,3656,Unknown / no savings,>= 7 years,4,A93,A101,4,Savings/life insurance,49,A142,Own,2,Unskilled resident,1,A191,A201,1,0,Good Credit
0-200 DM,9,Critical account / other credits,Radio/television,1154,< 100 DM,>= 7 years,2,A93,A101,4,Real estate,37,A143,Own,3,Unskilled resident,1,A191,A201,1,0,Good Credit
< 0 DM,28,Existing credits paid back duly,New car,4006,< 100 DM,1-4 years,3,A93,A101,2,Car or other,45,A143,Own,1,Unskilled resident,1,A191,A201,2,1,Bad Credit
0-200 DM,24,Existing credits paid back duly,Furniture/equipment,3069,100-500 DM,>= 7 years,4,A93,A101,4,Unknown / no property,30,A143,Free,1,Skilled employee,1,A191,A201,1,0,Good Credit
No checking account,6,Critical account / other credits,Radio/television,1740,< 100 DM,>= 7 years,2,A94,A101,2,Real estate,30,A143,Rent,2,Skilled employee,1,A191,A201,1,0,Good Credit
0-200 DM,21,Delay in past payments,New car,2353,< 100 DM,1-4 years,1,A91,A101,4,Savings/life insurance,47,A143,Own,2,Skilled employee,1,A191,A201,1,0,Good Credit
No checking account,15,Existing credits paid back duly,New car,3556,Unknown / no savings,1-4 years,3,A93,A101,2,Unknown / no property,29,A143,Own,1,Skilled employee,1,A191,A201,1,0,Good Credit
No checking account,24,Existing credits paid back duly,Radio/television,2397,500-1000 DM,>= 7 years,3,A93,A101,2,Car or other,35,A141,Own,2,Skilled employee,1,A192,A201,2,1,Bad Credit
0-200 DM,6,Existing credits paid back duly,Repairs,454,< 100 DM,< 1 year,3,A94,A101,1,Savings/life insurance,22,A143,Own,1,Unskilled resident,1,A191,A201,1,0,Good Credit
0-200 DM,30,Existing credits paid back duly,Radio/television,1715,Unknown / no savings,1-4 years,4,A92,A101,1,Car or other,26,A143,Own,1,Skilled employee,1,A191,A201,1,0,Good Credit
0-200 DM,27,Critical account / other credits,Radio/television,2520,500-1000 DM,1-4 years,4,A93,A101,2,Savings/life insurance,23,A143,Own,2,Unskilled resident,1,A191,A201,2,1,Bad Credit
No checking account,15,Existing credits paid back duly,Radio/television,3568,< 100 DM,>= 7 years,4,A92,A101,2,Car or other,54,A141,Rent,1,Management / self-employed,1,A192,A201,1,0,Good Credit
No checking account,42,Existing credits paid back duly,Radio/television,7166,Unknown / no savings,4-7 years,2,A94,A101,4,Savings/life insurance,29,A143,Rent,1,Skilled employee,1,A192,A201,1,0,Good Credit
< 0 DM,11,Critical account / other credits,New car,3939,< 100 DM,1-4 years,1,A93,A101,2,Real estate,40,A143,Own,2,Unskilled resident,2,A191,A201,1,0,Good Credit
0-200 DM,15,Existing credits paid back duly,Repairs,1514,100-500 DM,1-4 years,4,A93,A103,2,Real estate,22,A143,Own,1,Skilled employee,1,A191,A201,1,0,Good Credit
No checking account,24,Existing credits paid back duly,New car,7393,< 100 DM,1-4 years,1,A93,A101,4,Savings/life insurance,43,A143,Own,1,Unskilled resident,2,A191,A201,1,0,Good Credit
< 0 DM,24,All credits at this bank paid back,New car,1193,< 100 DM,Unemployed,1,A92,A102,4,Unknown / no property,29,A143,Rent,2,Unemployed / unskilled non-resident,1,A191,A201,2,1,Bad Credit
< 0 DM,60,Existing credits paid back duly,Business,7297,< 100 DM,>= 7 years,4,A93,A102,4,Unknown / no property,36,A143,Rent,1,Skilled employee,1,A191,A201,2,1,Bad Credit
No checking account,30,Critical account / other credits,Radio/television,2831,< 100 DM,1-4 years,4,A92,A101,2,Car or other,33,A143,Own,1,Skilled employee,1,A192,A201,1,0,Good Credit
>= 200 DM,24,Existing credits paid back duly,Radio/television,1258,500-1000 DM,1-4 years,3,A92,A101,3,Car or other,57,A143,Own,1,Unskilled resident,1,A191,A201,1,0,Good Credit
0-200 DM,6,Existing credits paid back duly,Radio/television,753,< 100 DM,1-4 years,2,A92,A103,3,Real estate,64,A143,Own,1,Skilled employee,1,A191,A201,1,0,Good Credit
0-200 DM,18,Delay in past payments,Business,2427,Unknown / no savings,>= 7 years,4,A93,A101,2,Savings/life insurance,42,A143,Own,2,Skilled employee,1,A191,A201,1,0,Good Credit
No checking account,24,Delay in past payments,New car,2538,< 100 DM,>= 7 years,4,A93,A101,4,Car or other,47,A143,Own,2,Unskilled resident,2,A191,A201,2,1,Bad Credit
0-200 DM,15,All credits at this bank paid back,New car,1264,100-500 DM,1-4 years,2,A94,A101,2,Savings/life insurance,25,A143,Rent,1,Skilled employee,1,A191,A201,2,1,Bad Credit
0-200 DM,30,Critical account / other credits,Furniture/equipment,8386,< 100 DM,4-7 years,2,A93,A101,2,Savings/life insurance,49,A143,Own,1,Skilled employee,1,A191,A201,2,1,Bad Credit
No checking account,48,Existing credits paid back duly,Business,4844,< 100 DM,Unemployed,3,A93,A101,2,Car or other,33,A141,Rent,1,Management / self-employed,1,A192,A201,2,1,Bad Credit
>= 200 DM,21,Existing credits paid back duly,New car,2923,100-500 DM,1-4 years,1,A92,A101,1,Car or other,28,A141,Own,1,Management / self-employed,1,A192,A201,1,0,Good Credit
< 0 DM,36,Existing credits paid back duly,Used car,8229,< 100 DM,1-4 years,2,A93,A101,2,Savings/life insurance,26,A143,Own,1,Skilled employee,2,A191,A201,2,1,Bad Credit
No checking account,24,Critical account / other credits,Furniture/equipment,2028,< 100 DM,4-7 years,2,A93,A101,2,Savings/life insurance,30,A143,Own,2,Unskilled resident,1,A191,A201,1,0,Good Credit
< 0 DM,15,Critical account / other credits,Furniture/equipment,1433,< 100 DM,1-4 years,4,A92,A101,3,Savings/life insurance,25,A143,Rent,2,Skilled employee,1,A191,A201,1,0,Good Credit
>= 200 DM,42,No credits / paid back duly,Business,6289,< 100 DM,< 1 year,2,A91,A101,1,Savings/life insurance,33,A143,Own,2,Skilled employee,1,A191,A201,1,0,Good Credit
No checking account,13,Existing credits paid back duly,Radio/television,1409,100-500 DM,Unemployed,2,A92,A101,4,Real estate,64,A143,Own,1,Skilled employee,1,A191,A201,1,0,Good Credit
< 0 DM,24,Existing credits paid back duly,Used car,6579,< 100 DM,Unemployed,4,A93,A101,2,Unknown / no property,29,A143,Free,1,Management / self-employed,1,A192,A201,1,0,Good Credit
0-200 DM,24,Critical account / other credits,Radio/television,1743,< 100 DM,>= 7 years,4,A93,A101,2,Savings/life insurance,48,A143,Own,2,Unskilled resident,1,A191,A201,1,0,Good Credit
No checking account,12,Critical account / other credits,Education,3565,Unknown / no savings,< 1 year,2,A93,A101,1,Savings/life insurance,37,A143,Own,2,Unskilled resident,2,A191,A201,1,0,Good Credit
No checking account,15,All credits at this bank paid back,Radio/television,1569,100-500 DM,>= 7 years,4,A93,A101,4,Car or other,34,A141,Own,1,Unskilled resident,2,A191,A201,1,0,Good Credit
< 0 DM,18,Existing credits paid back duly,Radio/television,1936,Unknown / no savings,4-7 years,2,A94,A101,4,Car or other,23,A143,Rent,2,Unskilled resident,1,A191,A201,1,0,Good Credit
< 0 DM,36,Existing credits paid back duly,Furniture/equipment,3959,< 100 DM,Unemployed,4,A93,A101,3,Savings/life insurance,30,A143,Own,1,Management / self-employed,1,A192,A201,1,0,Good Credit
No checking account,12,Existing credits paid back duly,New car,2390,Unknown / no savings,>= 7 years,4,A93,A101,3,Car or other,50,A143,Own,1,Skilled employee,1,A192,A201,1,0,Good Credit
No checking account,12,Existing credits paid back duly,Furniture/equipment,1736,< 100 DM,4-7 years,3,A92,A101,4,Real estate,31,A143,Own,1,Unskilled resident,1,A191,A201,1,0,Good Credit
< 0 DM,30,Existing credits paid back duly,Used car,3857,< 100 DM,1-4 years,4,A91,A101,4,Savings/life insurance,40,A143,Own,1,Management / self-employed,1,A192,A201,1,0,Good Credit
No checking account,12,Existing credits paid back duly,Radio/television,804,< 100 DM,>= 7 years,4,A93,A101,4,Car or other,38,A143,Own,1,Skilled employee,1,A191,A201,1,0,Good Credit
< 0 DM,45,Existing credits paid back duly,Radio/television,1845,< 100 DM,1-4 years,4,A93,A101,4,Unknown / no property,23,A143,Free,1,Skilled employee,1,A192,A201,2,1,Bad Credit
0-200 DM,45,Critical account / other credits,Used car,4576,100-500 DM,Unemployed,3,A93,A101,4,Car or other,27,A143,Own,1,Skilled employee,1,A191,A201,1,0,Good Credit
